Bioceno,"Rue Paepsem 123 Boite 7/bâtiment 7, 1070 Anderlecht, Belgium",Anderlecht,1070,4.8,23,food|point_of_interest|store|health|establishment,https://www.google.com/maps/place/?q=place_id:ChIJRRbEeNXaw0cRg8uFdPpoa6s,producteur bio
eFarmz,"Bd Industriel 135, 1070 Anderlecht, Belgium",Anderlecht,1070,4.5,228,food|point_of_interest|store|health|establishment,https://www.google.com/maps/place/?q=place_id:ChIJbdOEdR3Ew0cR6eh_KdgNg7E,producteur bio
Vert d'Iris,"Chemin en face du 20, Rue de Koeivijver, 1070 Anderlecht, Belgium",Anderlecht,1070,4.6,28,food|point_of_interest|establishment,https://www.google.com/maps/place/?q=place_id:ChIJJQOdzOPGw0cRxHA-GkkAp5o,producteur bio
Färm,"Bd Sylvain Dupuis 433, 1070 Anderlecht, Belgium",Anderlecht,1070,4.5,65,grocery_or_supermarket|food|point_of_interest|store|establishment,https://www.google.com/maps/place/?q=place_id:ChIJLRYBhV3Hw0cRmfTSDciaNaY,producteur bio
Herbéa,"Rue de Neerpede, 1070 Anderlecht, Belgium",Anderlecht,1070,5,1,grocery_or_supermarket|food|point_of_interest|store|establishment,https://www.google.com/maps/place/?q=place_id:ChIJiyAJKgDHw0cRURJektXJtxc,producteur bio
Vert d'Iris scrl-fs,"Rue des Betteraves 27, 1070 Bruxelles, Belgium",Bruxelles,1070,4.9,7,food|point_of_interest|establishment,https://www.google.com/maps/place/?q=place_id:ChIJ7QpdkuPGw0cRorbuLGhFHOg,producteur bio
Brussels Aquaponic Farm - BIGH Anderlecht,"Rue Ropsy Chaudron 24 boîte 35, 1070 Anderlecht, Belgium",Anderlecht,1070,4.5,69,point_of_interest|establishment,https://www.google.com/maps/place/?q=place_id:ChIJybFMQQzEw0cREIUU_jQCSto,producteur bio
Marché Bio de Roodebeek,"Chau. de Roodebeek 298, 1200 Woluwe-Saint-Lambert, Belgium",Woluwe-Saint-Lambert,1200,4.6,23,grocery_or_supermarket|food|point_of_interest|store|establishment,https://www.google.com/maps/place/?q=place_id:ChIJL8j2Pabcw0cRx9H0-fBrcjk,producteur bio
Smala Farming,"Rue de Neerpede, 1070 Anderlecht, Belgium",Anderlecht,1070,4.9,28,food|point_of_interest|establishment,https://www.google.com/maps/place/?q=place_id:ChIJF9D9qLrHw0cRJLJB3_gyIeY,producteur bio
BIOCultura,"Rue Chant d'Oiseaux 171, 1070 Anderlecht, Belgium",Anderlecht,1070,0,0,point_of_interest|establishment,https://www.google.com/maps/place/?q=place_id:ChIJQ85Mko0OSgoRH1HHMNy5UAg,producteur bio
Het Ketelveldv,"Rue du Chaudron 62, 1070 Anderlecht, Belgium",Anderlecht,1070,4.7,33,point_of_interest|establishment,https://www.google.com/maps/place/?q=place_id:ChIJVx7ue0LHw0cRzdQr9_UT8D4,producteur bio
Bio Sanaa,"Wayezstraat 60/64, 1070 Anderlecht, Belgium",Anderlecht,1070,4.5,10,food|point_of_interest|store|health|establishment,https://www.google.com/maps/place/?q=place_id:ChIJfzdrSwDFw0cRdZTflbguZ2w,producteur bio
Paracelsus,"Bd Félix Paulsen 50, 1070 Anderlecht, Belgium",Anderlecht,1070,4.7,52,food|point_of_interest|store|health|establishment,https://www.google.com/maps/place/?q=place_id:ChIJvVBASanGw0cRnZGSnGbISYI,producteur bio
La Petite Epicerie Bio,"Chau. de Waterloo 42, 1060 Saint-Gilles, Belgium",Saint-Gilles,1060,4.8,87,grocery_or_supermarket|food|point_of_interest|store|establishment,https://www.google.com/maps/place/?q=place_id:ChIJ1WOnFWbEw0cRcceCzxuZs94,producteur bio
Bio Vrac,"Rue Meyerbeer 144, 1180 Uccle, Belgium",Uccle,1180,4.4,323,grocery_or_supermarket|food|point_of_interest|store|health|establishment,https://www.google.com/maps/place/?q=place_id:ChIJ1dgJtU_Ew0cRlLlUFRHlIec,producteur bio
The Barn Bio Market - Vanderkindere,"Rue Vanderkindere 166, 1180 Uccle, Belgium",Uccle,1180,4.3,136,grocery_or_supermarket|food|point_of_interest|store|establishment,https://www.google.com/maps/place/?q=place_id:ChIJKar-3YLFw0cRc-Kef71vBYE,producteur bio
La Ferme du Chaudron - Ketelhoeve,"Rue du Chaudron 20/30, 1070 Anderlecht, Belgium",Anderlecht,1070,4.5,41,grocery_or_supermarket|restaurant|food|point_of_interest|store|establishment,https://www.google.com/maps/place/?q=place_id:ChIJn59isFrHw0cRAJyLWDb_GRw,producteur bio
Molleke,"Rue de la Poudrière 64, 1000 Bruxelles, Belgium",Bruxelles,1000,4.9,55,cafe|food|point_of_interest|store|establishment,https://www.google.com/maps/place/?q=place_id:ChIJCxeJ1n3Dw0cRiyvRWnTTCuI,producteur bio
Kip Eat' Naturel,"Pl. Bizet 45/47, 1070 Anderlecht, Belgium",Anderlecht,1070,4.9,113,grocery_or_supermarket|food|point_of_interest|store|establishment,https://www.google.com/maps/place/?q=place_id:ChIJyxVzkzjHw0cRPn1bB_65bvU,producteur bio
La Vivrière,"Rue de la Station 2, 1190 Forest, Belgium",Forest,1190,4.6,97,grocery_or_supermarket|food|point_of_interest|store|establishment,https://www.google.com/maps/place/?q=place_id:ChIJy3n4fC3Ew0cR3ZuQz0HUVcI,producteur bio
Brüt by Färm,"Chau. de Waterloo 528, 1050 Ixelles, Belgium",Ixelles,1050,4.6,133,grocery_or_supermarket|bakery|food|point_of_interest|store|establishment,https://www.google.com/maps/place/?q=place_id:ChIJCfOcyYnFw0cRP9aO_ikil_s,producteur bio
Le Champignon de Bruxelles,"Rue Ropsy Chaudron 24, 1070 Bruxelles, Belgium",Bruxelles,1070,4.5,4,grocery_or_supermarket|food|point_of_interest|store|establishment,https://www.google.com/maps/place/?q=place_id:ChIJbU-4bbLFw0cR20eVgEaBeNM,producteur bio
LA PARCELLE FRUITS-DUPUIS,"Rue des Fruits 53, 1070 Anderlecht, Belgium",Anderlecht,1070,5,3,food|point_of_interest|establishment,https://www.google.com/maps/place/?q=place_id:ChIJ67jbIb7Hw0cROexGa_Ca-zY,producteur bio
Boerderij Heymans Neerpede,"Rue de Neerpede 958, 1070 Anderlecht, Belgium",Anderlecht,1070,4.7,43,grocery_or_supermarket|food|point_of_interest|store|establishment,https://www.google.com/maps/place/?q=place_id:ChIJA04pkivHw0cRh4M-2V6c1wY,producteur bio
Espace-test Agricole Graines de Paysans,"Rue Chant d'Oiseaux 171, 1070 Anderlecht, Belgium",Anderlecht,1070,4.6,11,park|point_of_interest|establishment,https://www.google.com/maps/place/?q=place_id:ChIJ-xdmmCrHw0cRjEzZbn-xUjM,producteur bio
Cabas - Marché de producteur .ices,"Av. des Saisons 82, 1050 Ixelles, Belgium",Ixelles,1050,4.8,21,supermarket|grocery_or_supermarket|food|point_of_interest|store|establishment,https://www.google.com/maps/place/?q=place_id:ChIJURNTTFrFw0cReATyhHshqN4,producteur bio
MicroFlavours,"Rue Ropsy Chaudron 24, échoppe 1/07, 1070 Anderlecht, Belgium",Anderlecht,1070,4.5,12,point_of_interest|establishment,https://www.google.com/maps/place/?q=place_id:ChIJZw98H4zDw0cRJUyHcGp5iEo,producteur bio
Ferme du Peuplier,"Sur tous nos marchés hebdomadaires - pas de magasin à la ferme, Rue de la Bryle 59, 1390 Grez-Doiceau, Belgium",Grez-Doiceau,1390,5,21,grocery_or_supermarket|food|point_of_interest|store|establishment,https://www.google.com/maps/place/?q=place_id:ChIJcebdISFjwUcRUzlPHQqwOtk,producteur bio
Alimentation Géniale,"Av. de la Prte de Hal 1, 1060 Saint-Gilles, Belgium",Saint-Gilles,1060,4.6,211,grocery_or_supermarket|food|point_of_interest|store|establishment,https://www.google.com/maps/place/?q=place_id:ChIJcfkFCWbEw0cRHypVeVJ9frc,producteur local
nuu miso,"BE-HERE, Rue Dieudonné Lefèvre 4, 1020 Bruxelles, Belgium",Bruxelles,1020,5,10,grocery_or_supermarket|food|point_of_interest|store|establishment,https://www.google.com/maps/place/?q=place_id:ChIJ_exV3ADFw0cRh-pld6oY0-A,producteur local
wAnderCoop,"Av. de Saïo 16, 1070 Anderlecht, Belgium",Anderlecht,1070,5,42,supermarket|grocery_or_supermarket|food|point_of_interest|store|establishment,https://www.google.com/maps/place/?q=place_id:ChIJ8Wxl9DvHw0cR_gp1hTcPvPs,producteur local
AB Primeurs,"Rue de Stalle 5, 1180 Uccle, Belgium",Uccle,1180,4.7,97,grocery_or_supermarket|food|point_of_interest|store|establishment,https://www.google.com/maps/place/?q=place_id:ChIJi1BporHFw0cR4lNTVbl9Ecc,producteur local
La Ruche Qui Dit Oui Oudergem,"Av. des Volontaires 19, 1160 Auderghem, Belgium",Auderghem,1160,4.9,36,grocery_or_supermarket|food|point_of_interest|store|establishment,https://www.google.com/maps/place/?q=place_id:ChIJIe4XC8rEw0cR2cor1EJQ1z4,producteur local
Happy Farm,"Rue du Chaudron 30, 1070 Anderlecht, Belgium",Anderlecht,1070,4.5,68,point_of_interest|establishment,https://www.google.com/maps/place/?q=place_id:ChIJX9rl5xnHw0cRCPoFVKj8HQE,ferme bio
Het Neerhof,"Neerhofstraat 2, 1700 Dilbeek, Belgium",Dilbeek,1700,4.4,471,point_of_interest|establishment,https://www.google.com/maps/place/?q=place_id:ChIJS1JsXtjGw0cRnR0bLa-h99A,ferme bio
La Ferme de la Papelotte,"Chem. de Catomoreau 50, 1410 Waterloo, Belgium",Waterloo,1410,4.9,11,point_of_interest|establishment,https://www.google.com/maps/place/?q=place_id:ChIJp1rLvKXRw0cRBUxC_b16Ii4,ferme bio
Song of the Quail Farm,"Av. des Cailles, 1170 Watermael-Boitsfort, Belgium",Watermael-Boitsfort,1170,4.6,242,point_of_interest|establishment,https://www.google.com/maps/place/?q=place_id:ChIJ07EEUCbbw0cRR379o1FVj_A,ferme bio
Ferme du Meylemeersch,"Rue Chant d'Oiseaux 221, 1070 Anderlecht, Belgium",Anderlecht,1070,5,2,point_of_interest|establishment,https://www.google.com/maps/place/?q=place_id:ChIJX4z9DvPHw0cR4czlB7cglGo,ferme bio
"Fruit-Time - Venez cueillir vos fraises (juin), framboises (juillet, août, septembre), fleurs et autres petits fruits rouges.","Rue du Pommier 465, 1070 Anderlecht, Belgium",Anderlecht,1070,4.6,102,point_of_interest|establishment,https://www.google.com/maps/place/?q=place_id:ChIJM0FVFN7Gw0cRf0JmYBNyQlA,vente directe à la ferme
Administration communale d'Anderlecht - État civil,"Rue de France 99, 1070 Anderlecht, Belgium",Anderlecht,1070,2.2,113,point_of_interest|establishment,https://www.google.com/maps/place/?q=place_id:ChIJk-_KN43Fw0cRTvYZA_bhP2k,circuit court
Vredegerecht Anderlecht,"Pl. de la Résistance 3, 1070 Anderlecht, Belgium",Anderlecht,1070,2.8,8,courthouse|local_government_office|point_of_interest|establishment,https://www.google.com/maps/place/?q=place_id:ChIJ35SpXhzEw0cRAYGYAfqzRTM,circuit court
Centre Administratif Jacques Simonet Etat civil,"Pl. de la Vaillance 27, 1070 Anderlecht, Belgium",Anderlecht,1070,3.2,20,point_of_interest|establishment,https://www.google.com/maps/place/?q=place_id:ChIJ9_JlbqfGw0cRhRJeYldSr7w,circuit court
Town hall Anderlecht,"Pl. du Conseil 1, 1070 Anderlecht, Belgium",Anderlecht,1070,2,114,point_of_interest|establishment,https://www.google.com/maps/place/?q=place_id:ChIJ82BEnQ3Ew0cRTggGVhrxqGI,circuit court
Circuit - lieu de lien/ontmoetingsplek,"Rue du Grand Hospice 7/Local C19, 1000 Bruxelles, Belgium",Bruxelles,1000,5,1,point_of_interest|establishment,https://www.google.com/maps/place/?q=place_id:ChIJGYg7caDDw0cRWVTti7MSwJo,circuit court
Palace of Justice,"Pl. Poelaert 1, 1000 Bruxelles, Belgium",Bruxelles,1000,4.2,971,courthouse|tourist_attraction|point_of_interest|establishment,https://www.google.com/maps/place/?q=place_id:ChIJz6MvLWPEw0cRBeLV8QN50AE,circuit court
CPAS Anderlecht,"Av. Raymond Vander Bruggen 62/64, 1070 Anderlecht, Belgium",Anderlecht,1070,2.1,171,local_government_office|point_of_interest|establishment,https://www.google.com/maps/place/?q=place_id:ChIJD2Y3nA3Ew0cRbbCbJGQy48s,circuit court
CENTRE ADMINISTRATIF POUR LA COMMUNE D’ANDERLECHT,"Rue de Veeweyde 100, 1070 Anderlecht, Belgium",Anderlecht,1070,1,1,local_government_office|point_of_interest|establishment,https://www.google.com/maps/place/?q=place_id:ChIJUeEc9OvHw0cRWp--LKZAz00,circuit court
Denis / Didier,"Rue Charles Jaumotte 68, 1300 Wavre, Belgium",Wavre,1300,4.5,251,point_of_interest|establishment,https://www.google.com/maps/place/?q=place_id:ChIJj-emryPWw0cR8sEW7ujxTpA,ferme avicole
Abattage de Volaille,"Rue de l'Instruction 3, 1070 Anderlecht, Belgium",Anderlecht,1070,5,4,store|food|point_of_interest|establishment,https://www.google.com/maps/place/?q=place_id:ChIJGZAXDw7Ew0cRrVU9U301qDg,ferme avicole
VCV-Vlees-Centrale-Viande,"Quai de l'Industrie 155, 1070 Anderlecht, Belgium",Anderlecht,1070,5,8,food|point_of_interest|store|establishment,https://www.google.com/maps/place/?q=place_id:ChIJJWr8XQnEw0cR0f_Jihf01Hs,élevage vente viande vache
La Maison du Miel,"Rue du Midi 121, 1000 Bruxelles, Belgium",Bruxelles,1000,4.6,118,point_of_interest|establishment,https://www.google.com/maps/place/?q=place_id:ChIJacflpHnEw0cRnFbI1a88_zA,ferme apiculteur
Vis ma vie d'abeille | Dr Miel vous offre du vrai miel et ça se goûte.,"Rue François Beeckmans 31/2, 1083 Ganshoren, Belgium",Ganshoren,1083,4.9,70,point_of_interest|establishment,https://www.google.com/maps/place/?q=place_id:ChIJH1dSmWLBw0cRu8b3lqiDeyk,ferme apiculteur
Le bonheur est dans le rucher,"Rue du Tulipier, 1190 Forest, Belgium",Forest,1190,5,3,point_of_interest|establishment,https://www.google.com/maps/place/?q=place_id:ChIJQ6N3PV_Fw0cRyvPB5wW3sP4,ferme apiculteur
Honey House Overijse Miel Honing Self Service 24h/24h Apiculteur Imker,"Riddersdal 1, 3090 Overijse, Belgium",Overijse,3090,5,34,point_of_interest|establishment,https://www.google.com/maps/place/?q=place_id:ChIJNw19st7bw0cReUeESsrJzek,ferme apiculteur
Miel Goossens,"Rue de Grand-Bigard 537, 1082 Berchem-Sainte-Agathe, Belgium",Berchem-Sainte-Agathe,1082,4.8,61,store|point_of_interest|establishment,https://www.google.com/maps/place/?q=place_id:ChIJQ-j5N9nDw0cR6juN8h-YY4s,ferme apiculteur
Horra,"Rue du Pannenhuys 69, 1090 Bruxelles, Belgium",Bruxelles,1090,5,40,point_of_interest|establishment,https://www.google.com/maps/place/?q=place_id:ChIJ6WLmCpvDw0cRjHGj5PMHXvI,ferme apiculteur
Apibeesabmails,"Albert Denystraat 30, 1651 Beersel, Belgium",Beersel,1651,5,22,point_of_interest|establishment,https://www.google.com/maps/place/?q=place_id:ChIJZWe_osjJw0cRV5OPqZGvDWU,ferme apiculteur
Allo Guepes,"Bd Industriel 130, 1070 Anderlecht, Belgium",Anderlecht,1070,3.7,3,point_of_interest|establishment,https://www.google.com/maps/place/?q=place_id:ChIJlV4d7WPDw0cRdw5G9Lndg1o,ferme apiculteur
La Ruche Fleurie Hoeilaart Miel Honing Self Service 24h/24h Apiculteur Imker Miel a vendre,"Tenboslaan 59, 1560 Hoeilaart, Belgium",Hoeilaart,1560,5,1,point_of_interest|establishment,https://www.google.com/maps/place/?q=place_id:ChIJ70EGSBnRw0cRAtDOHH_zIAI,ferme apiculteur
"Beetasty - Apiculteur, produits de la ruche artisanal","Rue de Maredret 14B, 5537 Anhée, Belgium",Anhée,5537,4.9,208,point_of_interest|establishment,https://www.google.com/maps/place/?q=place_id:ChIJpy_moD-SwUcRiRiCUC5KJF0,ferme apiculteur
Le Clos Des Aulniats,"Rue Puissant d'Agimont 230, 6040 Charleroi, Belgium",Charleroi,6040,4.6,82,grocery_or_supermarket|store|food|point_of_interest|establishment,https://www.google.com/maps/place/?q=place_id:ChIJsWbSNFEvwkcR-q4D5WKg4M4,ferme apiculteur
The Barn Bio Market - Auderghem,"Waversesteenweg 1620, 1160 Oudergem, Belgium",Oudergem,1160,4.6,124,point_of_interest|store|establishment,https://www.google.com/maps/place/?q=place_id:ChIJB9MiIGvbw0cRBDH7M55-4Bs,producteur bio
Vrak,"Waversesteenweg 1747, 1160 Oudergem, Belgium",Oudergem,1160,4.4,83,point_of_interest|store|establishment,https://www.google.com/maps/place/?q=place_id:ChIJ-6pw6DHbw0cRN-q6KGGBwCk,producteur bio
Färm,"Métro : ""Hankar, Waversesteenweg 1080, 1160 Etterbeek, Belgium",Etterbeek,1160,4.2,419,supermarket|grocery_or_supermarket|food|point_of_interest|store|establishment,https://www.google.com/maps/place/?q=place_id:ChIJ7wGTWMrEw0cRAjDcIAvCROw,producteur bio
The Barn Bio Market - Etterbeek,"Pl. Saint-Pierre 38, 1040 Etterbeek, Belgium",Etterbeek,1040,4.7,1184,supermarket|grocery_or_supermarket|food|point_of_interest|store|establishment,https://www.google.com/maps/place/?q=place_id:ChIJOQyeka_Ew0cRquIuOZfUoAY,producteur bio
ELEMENTERRE BIO,"Chau. de Roodebeek 280, 1200 Woluwe-Saint-Lambert, Belgium",Woluwe-Saint-Lambert,1200,5,9,grocery_or_supermarket|food|point_of_interest|store|establishment,https://www.google.com/maps/place/?q=place_id:ChIJE1AQRKbcw0cRDAqpvYHxPjg,producteur bio
Brüt by Färm,"Rue Gray 10, 1040 Etterbeek, Belgium",Etterbeek,1040,4.3,245,grocery_or_supermarket|food|point_of_interest|store|establishment,https://www.google.com/maps/place/?q=place_id:ChIJY0VuzvHFw0cRv-VMQeki59M,producteur bio
The Barn Bio Market,"Rue de la Tulipe 22, 1050 Ixelles, Belgium",Ixelles,1050,4.6,286,grocery_or_supermarket|food|point_of_interest|store|establishment,https://www.google.com/maps/place/?q=place_id:ChIJcxC0DfHFw0cRkf2QdXoJnVg,producteur bio
L'Espinette BIO,"Frm de l'Espinette, 1320 Beauvechain, Belgium",Beauvechain,1320,5,8,point_of_interest|establishment,https://www.google.com/maps/place/?q=place_id:ChIJzxlJMf57wUcRHp9L4TKWpL4,producteur bio
Ferme du Maustitchi,"Rue E. Depré 13, 6142 Fontaine-l'Évêque, Belgium",Fontaine-l'Évêque,6142,4.7,460,grocery_or_supermarket|food|point_of_interest|store|establishment,https://www.google.com/maps/place/?q=place_id:ChIJoWjxMio7wkcRneGsqtV-LLQ,producteur bio
Färm,"Chau. d'Ixelles 136, 1050 Ixelles, Belgium",Ixelles,1050,3.8,167,grocery_or_supermarket|food|point_of_interest|store|health|establishment,https://www.google.com/maps/place/?q=place_id:ChIJ1w0t_I7Ew0cRneYgWMubzc0,producteur bio
Färm,"Chau. de Roodebeek 158, 1200 Woluwe-Saint-Lambert, Belgium",Woluwe-Saint-Lambert,1200,4.3,184,grocery_or_supermarket|food|point_of_interest|store|establishment,https://www.google.com/maps/place/?q=place_id:ChIJ29xjRWzdw0cRxyVx5Uzhofc,producteur bio
Moestuin van la Finca,"Perkstraat, 1970 Wezembeek-Oppem, Belgium",Wezembeek-Oppem,1970,4.6,38,grocery_or_supermarket|food|point_of_interest|store|establishment,https://www.google.com/maps/place/?q=place_id:ChIJCeT_n6rew0cRO_OVy-dZHnY,producteur bio
Bio marché,"Rue des Champs 4, 1040 Etterbeek, Belgium",Etterbeek,1040,4.4,164,pet_store|point_of_interest|store|establishment,https://www.google.com/maps/place/?q=place_id:ChIJfWKHhLnEw0cRMCgtbFevoUs,producteur bio
Färm,"Rue de Linthout 169, 1200 Woluwe-Saint-Lambert, Belgium",Woluwe-Saint-Lambert,1200,4.2,405,grocery_or_supermarket|food|point_of_interest|store|establishment,https://www.google.com/maps/place/?q=place_id:ChIJiQniZqnEw0cRvZk-SrF7F54,producteur bio
Cycle Farm,"Av. de la Sapinière 51, 1180 Bruxelles, Belgium",Bruxelles,1180,4.5,2,point_of_interest|establishment,https://www.google.com/maps/place/?q=place_id:ChIJbzEjnULFw0cRZu2Y1HkMjQo,producteur bio
Mon panier bio,"Chem. du Vivier Saint-Laurent 2, 1320 Beauvechain, Belgium",Beauvechain,1320,4.7,36,grocery_or_supermarket|food|point_of_interest|store|establishment,https://www.google.com/maps/place/?q=place_id:ChIJedRfsY9kwUcRO2r5c3U6ejY,producteur bio
Ferme Bio du Petit Sart,"Пети Сар көчөсү 75, 1390 Grez-Doiceau, Belgium",Grez-Doiceau,1390,4.9,8,point_of_interest|establishment,https://www.google.com/maps/place/?q=place_id:ChIJxT_8OWVjwUcRK7FtIrxbvWM,producteur bio
Marché Bio des Tanneurs,"Rue des Tanneurs 58, 1000 Bruxelles, Belgium",Bruxelles,1000,4.5,739,food|point_of_interest|store|establishment,https://www.google.com/maps/place/?q=place_id:ChIJI6-FeUPFw0cRgWiIVPWVx1U,producteur bio
Buurderij Sint-Lambrechts-Woluwe,"Av. Albert Dumont 10, 1200 Woluwe-Saint-Lambert, Belgium",Woluwe-Saint-Lambert,1200,4.7,17,grocery_or_supermarket|food|point_of_interest|store|establishment,https://www.google.com/maps/place/?q=place_id:ChIJoXlPjqrdw0cRPtNU0ksZHA0,producteur bio
The Barn Bio Markt - Sint-Gillis,"Chau. de Charleroi 92, 1060 Saint-Gilles, Belgium",Saint-Gilles,1060,4.6,475,grocery_or_supermarket|food|point_of_interest|store|establishment,https://www.google.com/maps/place/?q=place_id:ChIJob0TanrFw0cRZuUMis3Qxos,producteur bio
LOKALE • Le Comptoir Local,"Av. Albert 1er 14, 1332 Rixensart, Belgium",Rixensart,1332,4.5,74,grocery_or_supermarket|food|point_of_interest|store|establishment,https://www.google.com/maps/place/?q=place_id:ChIJG1bAZXDRw0cRXiz3q0gSyac,producteur bio
Sequoia,"Rue des Bégonias 10/16, 1170 Watermael-Boitsfort, Belgium",Watermael-Boitsfort,1170,4,246,grocery_or_supermarket|food|point_of_interest|store|establishment,https://www.google.com/maps/place/?q=place_id:ChIJG_HguSzbw0cRJVPf-CIa4Ek,producteur bio
Le comptoir Bio,"Chau. de Waterloo 1485, 1180 Uccle, Belgium",Uccle,1180,4.4,35,point_of_interest|store|establishment,https://www.google.com/maps/place/?q=place_id:ChIJt1hzlQHFw0cRZDMARwdVdIQ,producteur bio
Färm,"Av. Rogier 383, 1030 Schaerbeek, Belgium",Schaerbeek,1030,4.4,395,grocery_or_supermarket|food|point_of_interest|store|establishment,https://www.google.com/maps/place/?q=place_id:ChIJ7208OQLDw0cRdVrvrW5AvX8,producteur bio
Le marché de mémé,"Jardin Martin V 55, 1200 Woluwe-Saint-Lambert, Belgium",Woluwe-Saint-Lambert,1200,5,7,point_of_interest|store|establishment,https://www.google.com/maps/place/?q=place_id:ChIJDSMJoLbdw0cRx-GCDvBMoDM,producteur bio
Bio-boerderij Den Diepen Boomgaard,"Rijkenhoekstraat 80, 1850 Grimbergen, Belgium",Grimbergen,1850,4.4,102,point_of_interest|establishment,https://www.google.com/maps/place/?q=place_id:ChIJyx0-2Szow0cRb4UxI8Fpwls,producteur bio
Ferme Nos Pilifs,"Trassersweg 347, 1120 Brussel, Belgium",Brussel,1120,4.5,3181,bakery|general_contractor|park|restaurant|food|health|point_of_interest|store|establishment,https://www.google.com/maps/place/?q=place_id:ChIJlcMYfOnCw0cRFF9O5l2zOYE,producteur bio
l'eldoradis,"Hollebeekstraat 188, 1630 Linkebeek, Belgium",Linkebeek,1630,4.8,6,food|point_of_interest|establishment,https://www.google.com/maps/place/?q=place_id:ChIJPzZYrZPEw0cRdOtsIyOp2EA,producteur bio
Organic & Natural Market Sequoia Stockel,"Rue de l'Eglise 101, 1150 Woluwe-Saint-Pierre, Belgium",Woluwe-Saint-Pierre,1150,4.2,199,supermarket|grocery_or_supermarket|food|point_of_interest|store|health|establishment,https://www.google.com/maps/place/?q=place_id:ChIJS8yBL4Hbw0cRe5oTrlJMJiY,producteur bio
The Barn Biomarkt - Jette,"Rue Pierre Timmermans 43, 1090 Jette, Belgium",Jette,1090,4.4,308,supermarket|grocery_or_supermarket|food|point_of_interest|store|establishment,https://www.google.com/maps/place/?q=place_id:ChIJM36jKNTDw0cRZQ1ceAMF49c,producteur bio
Votre propre potager bio (louez votre parcelle et cultivez) pour manger sainement,"Bijlkensveldstraat 9, 3080 Tervuren, Belgium",Tervuren,3080,0,0,point_of_interest|establishment,https://www.google.com/maps/place/?q=place_id:ChIJTyLa92TZw0cRHvg8Uw55TIo,producteur bio
Réseau des Groupes d'Achat Solidaires de l'Agriculture Paysanne,"Av. de la Couronne 382, 1050 Ixelles, Belgium",Ixelles,1050,4.5,4,point_of_interest|establishment,https://www.google.com/maps/place/?q=place_id:ChIJS29n7mDEw0cRGKfUyjCZmHM,producteur bio
Färm,"Chau. de Waterloo 1250, 1180 Uccle, Belgium",Uccle,1180,4.4,78,grocery_or_supermarket|food|point_of_interest|store|establishment,https://www.google.com/maps/place/?q=place_id:ChIJmZAiKb3Fw0cR8caHw5_X0XM,producteur bio
L'EPICIER,"Pl. des Chasseurs Ardennais 6, 1030 Schaerbeek, Belgium",Schaerbeek,1030,4.9,39,point_of_interest|store|establishment,https://www.google.com/maps/place/?q=place_id:ChIJzec--kTDw0cRFQvfOann88g,producteur bio
Färm,"Quai au Bois à Brûler 43, 1000 Bruxelles, Belgium",Bruxelles,1000,4.3,470,supermarket|grocery_or_supermarket|food|point_of_interest|store|establishment,https://www.google.com/maps/place/?q=place_id:ChIJ08b4EYbDw0cRYT_5WYCCML8,producteur bio
Färm,"Rue Vanderkindere 546, 1180 Uccle, Belgium",Uccle,1180,4.4,178,grocery_or_supermarket|food|point_of_interest|store|establishment,https://www.google.com/maps/place/?q=place_id:ChIJb1TWyvrEw0cRrr7Pr54ghcg,producteur bio
Les Terres D’Ici,"Chau. de Bruxelles 117, 1310 La Hulpe, Belgium",La Hulpe,1310,4.2,332,restaurant|food|point_of_interest|establishment,https://www.google.com/maps/place/?q=place_id:ChIJP70TaEvRw0cRBUVbGpRMpmY,producteur bio
La ferme Urbaine de Neder-over-Heembeek,"Mariënborre 40A, 1120 Bruxelles, Belgium",Bruxelles,1120,4.6,18,point_of_interest|establishment,https://www.google.com/maps/place/?q=place_id:ChIJ65VxX73Dw0cRwOUUkKIh-yA,producteur bio
Marché Bio Markt,"Pl. du Luxembourg 676, 1050 Bruxelles, Belgium",Bruxelles,1050,4.5,4,food|point_of_interest|store|establishment,https://www.google.com/maps/place/?q=place_id:ChIJswpMW1Hdw0cRZtGkOs5DhsQ,producteur bio
The Barn Bio Market,"Av. Milcamps 166, 1030 Schaerbeek, Belgium",Schaerbeek,1030,4.8,46,grocery_or_supermarket|food|point_of_interest|store|establishment,https://www.google.com/maps/place/?q=place_id:ChIJobA0LwDDw0cRx1HYWq4u998,producteur bio
Georges Market,"Av. Georges Henri 332B, 1200 Woluwe-Saint-Lambert, Belgium",Woluwe-Saint-Lambert,1200,5,9,grocery_or_supermarket|food|point_of_interest|store|establishment,https://www.google.com/maps/place/?q=place_id:ChIJq483tsjbw0cRn6XJqI3gSIQ,producteur bio
Ferme Sainte-Barbe,"1350, Chavée aux Lapins 12, 1350 Orp-Jauche, Belgium",Orp-Jauche,1350,4.4,45,store|point_of_interest|establishment,https://www.google.com/maps/place/?q=place_id:ChIJz3ogotJywUcR_odEDjjVUrs,producteur bio
Ferme de l'Hosté - Wavre,"Drève de l'Hostellerie, 1300 Wavre, Belgium",Wavre,1300,4.4,184,lodging|restaurant|food|point_of_interest|establishment,https://www.google.com/maps/place/?q=place_id:ChIJf7KIxxN9wUcRYlhrCsAU4Bc,producteur bio
URBAN FISH FARM,"Chau. de Tervueren 95, 1160 Auderghem, Belgium",Auderghem,1160,4.8,85,point_of_interest|food|store|establishment,https://www.google.com/maps/place/?q=place_id:ChIJS2EiqNfbw0cR769jytBHVCY,producteur local
Le Bio Sauvage,"Av. Henri de Brouckère 2, 1160 Auderghem, Belgium",Auderghem,1160,4.7,13,food|point_of_interest|store|health|establishment,https://www.google.com/maps/place/?q=place_id:ChIJ32fpQejbw0cRoavh5kiGXs4,ferme bio
Ferme Delstanche,"Rue des Templiers 24, 1301 Wavre, Belgium",Wavre,1301,4.9,40,point_of_interest|establishment,https://www.google.com/maps/place/?q=place_id:ChIJMRlhOybXw0cRFSfusW-IAU4,vente directe à la ferme
Distillery Farm,"Av. des Combattants 175, 1470 Genappe, Belgium",Genappe,1470,4.8,76,store|food|point_of_interest|establishment,https://www.google.com/maps/place/?q=place_id:ChIJnyv1yAfVw0cRllU83GHBo_Y,vente directe à la ferme
La Ferme de Julien,"Rue de Beauvechain 12, 1370 Jodoigne, Belgium",Jodoigne,1370,4.9,16,food|point_of_interest|establishment,https://www.google.com/maps/place/?q=place_id:ChIJk1iHxLl6wUcR9M9of9cnlB8,vente directe à la ferme
la ferme de la Barrière,"Chau. de Charleroi 105, 1370 Jodoigne, Belgium",Jodoigne,1370,4.8,15,health|grocery_or_supermarket|store|food|point_of_interest|establishment,https://www.google.com/maps/place/?q=place_id:ChIJnR7MNL1xwUcRXFalDAAYkH0,vente directe à la ferme
Ferme,"Square Meudon, 1200 Bruxelles, Belgium",Bruxelles,1200,4.7,26,store|food|point_of_interest|establishment,https://www.google.com/maps/place/?q=place_id:ChIJq2eNdHljwUcRPnMboT7siAc,vente directe à la ferme
"Ferme du Vallon, Jean-Marc Binet","Vieux Chemin de Bruxelles 1, 1400 Nivelles, Belgium",Nivelles,1400,4.8,195,grocery_or_supermarket|store|food|point_of_interest|establishment,https://www.google.com/maps/place/?q=place_id:ChIJZw8x74QywkcRxTuLz2mdZec,vente directe à la ferme
Peas and Love @ Toit de Caméléon,"Av. Ariane 15, 1200 Woluwe-Saint-Lambert, Belgium",Woluwe-Saint-Lambert,1200,4.6,34,point_of_interest|establishment,https://www.google.com/maps/place/?q=place_id:ChIJmRZoUbzcw0cRxZPD-bgJ_tA,vente directe à la ferme
Ferme Evrard,"Chem. du Vivier Saint-Laurent 2, 1320 Beauvechain, Belgium",Beauvechain,1320,4.7,86,point_of_interest|establishment,https://www.google.com/maps/place/?q=place_id:ChIJL0el9N1kwUcRlQQe8kMm5M4,vente directe à la ferme
Ferme de la Baraque,"Vieux Chemin de Bruxelles 2, 1400 Nivelles, Belgium",Nivelles,1400,4.7,124,point_of_interest|establishment,https://www.google.com/maps/place/?q=place_id:ChIJpcx5CmItwkcRqX_zycqA6tg,vente directe à la ferme
Ferme Trop Tard,"Rue de l'Epine Pucelle 2, 1428 Braine-l'Alleud, Belgium",Braine-l'Alleud,1428,4.6,9,point_of_interest|establishment,https://www.google.com/maps/place/?q=place_id:ChIJews3fpnNw0cR_uuLXAvSuiA,vente directe à la ferme
Ferme de la tour - Saint-Marc,"Rue du Château de Saint-Marc 96, 5003 Namur, Belgium",Namur,5003,4.7,62,point_of_interest|establishment,https://www.google.com/maps/place/?q=place_id:ChIJN-D8VFSZwUcRvRx7iBgLqes,vente directe à la ferme
La Ferme d'Enée,"Chau. de Tirlemont 45, 5030 Gembloux, Belgium",Gembloux,5030,4.5,15,point_of_interest|establishment,https://www.google.com/maps/place/?q=place_id:ChIJf28AdnCCwUcRhrTSgNPwY0Q,vente directe à la ferme
Ferme de la Chapelette,"Rue de la Chapelette 1, 6210 Les Bons Villers, Belgium",Les Bons Villers,6210,4.5,115,food|point_of_interest|store|establishment,https://www.google.com/maps/place/?q=place_id:ChIJQcoog34swkcRtIn92B4B29k,vente directe à la ferme
Le Jardin Des Saules,"Chau. de Nivelles 78, 1461 Ittre, Belgium",Ittre,1461,4.8,53,food|health|point_of_interest|store|establishment,https://www.google.com/maps/place/?q=place_id:ChIJH2kL4P3Mw0cRfErFmIG1IH4,vente directe à la ferme
Hoeve Cuvry,"Jozef Hauwaertstraat 42, 1653 Beersel, Belgium",Beersel,1653,4.6,334,food|point_of_interest|store|establishment,https://www.google.com/maps/place/?q=place_id:ChIJz7EKYUzPw0cRyTf16Srf8es,vente directe à la ferme
Verger de la Chise,"Rue De La Chise 4, 1315 Incourt, Belgium",Incourt,1315,4.6,200,point_of_interest|store|establishment,https://www.google.com/maps/place/?q=place_id:ChIJxUH65sV6wUcRU44nKqS_U5s,vente directe à la ferme
Ferme de la Baillerie,"Rue Try au Chêne 1, 1470 Genappe, Belgium",Genappe,1470,4.6,85,point_of_interest|establishment,https://www.google.com/maps/place/?q=place_id:ChIJbdEgud3Uw0cR9VChwxksiCE,vente directe à la ferme
La Ferme des Monts,"Rue des Monts 50, 6120 Ham-sur-Heure-Nalinnes, Belgium",Ham-sur-Heure-Nalinnes,6120,4.7,87,food|point_of_interest|store|establishment,https://www.google.com/maps/place/?q=place_id:ChIJ3Wg8DD4hwkcRv5u5cLXdaTw,vente directe à la ferme
Ferme Du Warchais,"Rue Dominique Seret 10, 6210 Les Bons Villers, Belgium",Les Bons Villers,6210,4.8,57,point_of_interest|establishment,https://www.google.com/maps/place/?q=place_id:ChIJAeazBwQrwkcRj5wpaDPM2Rs,vente directe à la ferme
Au Pays de L'Epautre,"Av. Pré des Agneaux 25, 1160 Auderghem, Belgium",Auderghem,1160,4.7,150,bakery|food|point_of_interest|store|establishment,https://www.google.com/maps/place/?q=place_id:ChIJc5e7hSPbw0cRbl70TBrML8E,vente directe à la ferme
Ferme Ernage,"Chaussee de Wavre 150, 5030 Gembloux, Belgium",Gembloux,5030,4.8,9,point_of_interest|establishment,https://www.google.com/maps/place/?q=place_id:ChIJ9SQF13B5wUcRbTl55m5PR7o,vente directe à la ferme
Les cocottes en ribote,"Av. des Combattants 5, 1470 Genappe, Belgium",Genappe,1470,4.9,12,point_of_interest|establishment,https://www.google.com/maps/place/?q=place_id:ChIJW15IueLVw0cRHaS8aI-OSrY,vente directe à la ferme
Les Délices de Pinchart,"Chau. de Bruxelles 165, 1340 Ottignies-Louvain-la-Neuve, Belgium",Ottignies-Louvain-la-Neuve,1340,4.6,93,grocery_or_supermarket|food|point_of_interest|store|establishment,https://www.google.com/maps/place/?q=place_id:ChIJ81Z76HvWw0cRoc-Dh-PPkDk,vente directe à la ferme
Verkoop groenten,"Kerklaan 228/214, 1731 Asse, Belgium",Asse,1731,4.5,2,point_of_interest|establishment,https://www.google.com/maps/place/?q=place_id:ChIJIcJ8dZfBw0cRXV7I3uESuqg,vente directe à la ferme
Omgeving van de Paelinckhoeve,"Rue Léopold Demesmaeker 26A, 1083 Ganshoren, Belgium",Ganshoren,1083,0,0,point_of_interest|establishment,https://www.google.com/maps/place/?q=place_id:ChIJR6nJuWDBw0cRg-vKZsTChKY,vente directe à la ferme
Ferme des Nauwes (Les Jardins de Catherine & Stefan),"Rue des Nauwes 1, 6181 Courcelles, Belgium",Courcelles,6181,4.7,73,point_of_interest|establishment,https://www.google.com/maps/place/?q=place_id:ChIJQTYqbZwxwkcRnSNFL570iT0,vente directe à la ferme
Butcher Farm Des Noyers,"Rue des Corbeaux 31, 1325 Chaumont-Gistoux, Belgium",Chaumont-Gistoux,1325,4.6,40,food|point_of_interest|store|establishment,https://www.google.com/maps/place/?q=place_id:ChIJvZjvU6bMc0ERgMbCbS_lRIA,vente directe à la ferme
La Ferme du Tambourin,"Chem. Maurice Bouvette 2A, 1430 Rebecq, Belgium",Rebecq,1430,4.3,13,point_of_interest|establishment,https://www.google.com/maps/place/?q=place_id:ChIJ92Rl2Pe0w0cRIrzhhqAJ0mM,vente directe à la ferme
Ukeepers,"Rue Fritz Toussaint 8, 1050 Bruxelles, Belgium",Bruxelles,1050,0,0,point_of_interest|establishment,https://www.google.com/maps/place/?q=place_id:ChIJq6q2PMHEw0cRNte5mX0T4eU,vente directe à la ferme
Boucherie A la Ferme,"Rue Jean Martin 25, 1325 Chaumont-Gistoux, Belgium",Chaumont-Gistoux,1325,4.9,71,food|point_of_interest|store|establishment,https://www.google.com/maps/place/?q=place_id:ChIJT-nU8dp7wUcRkH0e5vxX0ns,vente directe à la ferme
Ferme Laute,"BE, Rue de la Corbétière 11, 7090, Belgium",,,4.8,4,food|point_of_interest|store|establishment,https://www.google.com/maps/place/?q=place_id:ChIJtTClNsG0w0cRpR15TywVZiQ,vente directe à la ferme
Ferme de Gentissart,"Rue de Gentissart 15, 1495 Villers-la-Ville, Belgium",Villers-la-Ville,1495,4.7,19,point_of_interest|establishment,https://www.google.com/maps/place/?q=place_id:ChIJPV_lgkQrwkcRQG_TwBgZ_nE,vente directe à la ferme
Farm Bouret,"Chem. de Nivelles 77, 7090 Braine-le-Comte, Belgium",Braine-le-Comte,7090,4.8,310,grocery_or_supermarket|food|point_of_interest|store|establishment,https://www.google.com/maps/place/?q=place_id:ChIJY0nSBzHLw0cRSRpR6H0N0bo,vente directe à la ferme
Ferme de l'Ornoy,"Rue de Nivelles 2, 1435 Mont-Saint-Guibert, Belgium",Mont-Saint-Guibert,1435,4.8,58,food|point_of_interest|store|establishment,https://www.google.com/maps/place/?q=place_id:ChIJCwg6TMB_wUcR_jls65UOJDU,vente directe à la ferme
Ferme du Château à Boninne,"Rte de Hannut 181, 5021 Namur, Belgium",Namur,5021,4.8,41,grocery_or_supermarket|food|point_of_interest|store|establishment,https://www.google.com/maps/place/?q=place_id:ChIJ_3_uJEufwUcRLexPELKkwbQ,vente directe à la ferme
Maison Communale d'Auderghem,"Rue Emile Idiers 12, 1160 Auderghem, Belgium",Auderghem,1160,3.6,158,city_hall|point_of_interest|local_government_office|establishment,https://www.google.com/maps/place/?q=place_id:ChIJx_3Xmz3bw0cRTLS4VFweMTE,circuit court
Vredegerecht van Oudergem,"Rue de l'Etang 4, 1040 Etterbeek, Belgium",Etterbeek,1040,0,0,courthouse|point_of_interest|establishment,https://www.google.com/maps/place/?q=place_id:ChIJAZNo2hfbw0cRnf0qflkJsz4,circuit court
Ac Auderghem,"Rue Emile Idiers 12, 1160 Auderghem, Belgium",Auderghem,1160,0,0,point_of_interest|establishment,https://www.google.com/maps/place/?q=place_id:ChIJrXy9mz3bw0cR9Zw1HFiUUnU,circuit court
Maison de la Prévention et des Solidarités,"Waversesteenweg 1326, 1160 Oudergem, Belgium",Oudergem,1160,5,1,point_of_interest|establishment,https://www.google.com/maps/place/?q=place_id:ChIJKXIvzDbbw0cRCkh5SyQRMPs,circuit court
CPAS - Auderghem,"Av. du Paepedelle 87, 1160 Auderghem, Belgium",Auderghem,1160,3.5,58,point_of_interest|establishment,https://www.google.com/maps/place/?q=place_id:ChIJJfMoHjXbw0cRtlgHi1jpj0w,circuit court
Vredegerecht van Oudergem,"Waversesteenweg 1789, 1160 Oudergem, Belgium",Oudergem,1160,2.4,8,courthouse|point_of_interest|establishment,https://www.google.com/maps/place/?q=place_id:ChIJX8nLoTXbw0cRrjgRSpDGCf8,circuit court
LE POULET DE REVES,"Rue du Moulin Charon 1, 6210 Les Bons Villers, Belgium",Les Bons Villers,6210,4.6,70,food|point_of_interest|establishment,https://www.google.com/maps/place/?q=place_id:ChIJZz1XVc8twkcR43JkN6kly0Y,ferme avicole
Ferme Delecluse - Elevage avicole et vente directe,"Rue d'andricourt 21, 7903 Leuze-en-Hainaut, Belgium",Leuze-en-Hainaut,7903,4.8,32,food|point_of_interest|establishment,https://www.google.com/maps/place/?q=place_id:ChIJXfNDSQX-wkcRw9mgRWw9DHk,ferme avicole
Elevage de volailles de Rêves - SRL Aromareves,"Rue du Moulin Charon 1, 6210 Les Bons Villers, Belgium",Les Bons Villers,6210,4.3,4,grocery_or_supermarket|store|food|point_of_interest|establishment,https://www.google.com/maps/place/?q=place_id:ChIJAUwpLsQtwkcRTgxTjHsYPzY,ferme avicole
Elevage Avicole de la Baille,"Rue de la Baille 19, 6210 REVES, Belgium",REVES,6210,4.8,17,store|point_of_interest|establishment,https://www.google.com/maps/place/?q=place_id:ChIJ574X0cUtwkcRbfAm6waek7E,ferme avicole
"Elevage avicole de la Fauvette, Dekeyser-Rosier","Rue Royale 41, 7904 Leuze-en-Hainaut, Belgium",Leuze-en-Hainaut,7904,4.9,35,point_of_interest|establishment,https://www.google.com/maps/place/?q=place_id:ChIJr3LJXEn8wkcRAqhW9wOjY3M,ferme avicole
Ferme Avicole de Longueville,"Rue de Sart Risbart 1/A, 1325 Chaumont-Gistoux, Belgium",Chaumont-Gistoux,1325,4.7,3,point_of_interest|establishment,https://www.google.com/maps/place/?q=place_id:ChIJUaMUi1N6wUcR4Twco9Gk7QA,ferme avicole
Les Avicoles Du Waya,"Rue Léopold Genicot 20, 5380 Fernelmont, Belgium",Fernelmont,5380,4.9,10,store|food|point_of_interest|establishment,https://www.google.com/maps/place/?q=place_id:ChIJp4tEPEWhwUcRoP48WVty9ds,ferme avicole
Want-coussens Greta,"Rue de Balâtre 53, 5060 Sambreville, Belgium",Sambreville,5060,4.9,23,point_of_interest|establishment,https://www.google.com/maps/place/?q=place_id:ChIJ43j7l72GwUcRyASGwCRyLaM,ferme avicole
WaliGali,"Rue de Buay 13 à, 4219 Wasseiges, Belgium",Wasseiges,4219,4.8,101,store|food|point_of_interest|establishment,https://www.google.com/maps/place/?q=place_id:ChIJKQbIyLkLwUcR23GC8RhqI1g,ferme avicole
Ferme Avicole Bauduin,"344 Rue du Fayt, 59230 Rosult, France",Rosult,59230,4.2,155,food|point_of_interest|establishment,https://www.google.com/maps/place/?q=place_id:ChIJ9ccxaanCwkcR6wG8QjR0VS8,ferme avicole
Elevage avicole CHABOTHIER,"Rue du Petit Bois 5, 5580 Havrenne ROCHEFORT, Belgium",Havrenne ROCHEFORT,5580,3.3,47,store|food|point_of_interest|establishment,https://www.google.com/maps/place/?q=place_id:ChIJi0Q6dEfKwUcRU0yLdZRGloQ,ferme avicole
Association of Poultry Processors and Poultry Trade in the EU countries,"Pl. du Luxembourg 47/51, 1050 Ixelles, Belgium",Ixelles,1050,0,0,store|food|point_of_interest|establishment,https://www.google.com/maps/place/?q=place_id:ChIJecGe4ZrEw0cRqQKiU-0tuSs,ferme avicole
Want Anne,"Rue de Balâtre 53, 5060 Sambreville, Belgium",Sambreville,5060,4.3,3,food|point_of_interest|establishment,https://www.google.com/maps/place/?q=place_id:ChIJs3AZDpOGwUcR428Zdmdcjq8,ferme avicole
Etablissements Avicoles du Waya,"Rue Léopold Genicot 120, 5380 Fernelmont, Belgium",Fernelmont,5380,0,0,food|point_of_interest|establishment,https://www.google.com/maps/place/?q=place_id:ChIJd6FRFTKgwUcRckTebQtrFGw,ferme avicole
Les légumes de Tom,"Rte d'Ottignies 9, 1380 Lasne, Belgium",Lasne,1380,5,5,food|point_of_interest|establishment,https://www.google.com/maps/place/?q=place_id:ChIJQ4pNUI_Xw0cR8ScojWY576U,producteur légumes bio
Le Potager des Hasquettes,"All. le Cavalier, 1474 Genappe, Belgium",Genappe,1474,4.9,89,food|point_of_interest|establishment,https://www.google.com/maps/place/?q=place_id:ChIJ7wSKLGjTw0cRh7IP0R4CnlE,producteur légumes bio
Les jardins du Lanternier,"Plancenoit BE, Chem. du Lanternier 2, 1380 Lasne, Belgium",Lasne,1380,5,6,food|point_of_interest|establishment,https://www.google.com/maps/place/?q=place_id:ChIJ25KqSL_Tw0cR_n2jtLP15zc,producteur légumes bio
Maïeurs Marché,"Pl. des Maïeurs, 1150 Woluwe-Saint-Pierre, Belgium",Woluwe-Saint-Pierre,1150,5,2,point_of_interest|establishment,https://www.google.com/maps/place/?q=place_id:ChIJ4TfL6k3bw0cR4EVueubcnI4,producteur légumes bio
Ferme du Gasi,"Chau. de Namur 99G, 1315 Incourt, Belgium",Incourt,1315,4.7,26,grocery_or_supermarket|store|food|point_of_interest|establishment,https://www.google.com/maps/place/?q=place_id:ChIJ65Fz-ulwwUcRL4nM2fEs0bk,producteur légumes bio
Terres de la Cala (ferme bio de Glabais),"Rue tri Marcassin 31a, 1473 Genappe, Belgium",Genappe,1473,4.2,5,food|point_of_interest|establishment,https://www.google.com/maps/place/?q=place_id:ChIJaWiQPLvTw0cR2cubab3bQ8k,producteur légumes bio
Färm,"Av. Victor Hugo 7, 1420 Braine-l'Alleud, Belgium",Braine-l'Alleud,1420,4.6,130,grocery_or_supermarket|store|food|point_of_interest|establishment,https://www.google.com/maps/place/?q=place_id:ChIJ67lOn5XRw0cRHntRoLZFMfQ,producteur légumes bio
Markt van Bosvoorde,"Pl. Léopold Wiener, 1170 Watermael-Boitsfort, Belgium",Watermael-Boitsfort,1170,4.6,223,grocery_or_supermarket|store|food|point_of_interest|establishment,https://www.google.com/maps/place/?q=place_id:ChIJu6b7w13bw0cR2_51lcoQoB0,producteur légumes bio
Les Paniers Verts,"Rue du Ctre 71, 1404 Nivelles, Belgium",Nivelles,1404,4.7,64,point_of_interest|establishment,https://www.google.com/maps/place/?q=place_id:ChIJiyTXRKvMw0cRS_4tbNn9qao,producteur fruits bio
Marché de St Julien,"Rue Valduc 356, 1160 Auderghem, Belgium",Auderghem,1160,4.3,122,point_of_interest|establishment,https://www.google.com/maps/place/?q=place_id:ChIJxYhyFTTbw0cRMBpFCz3giyo,producteur fruits bio
Les Fermettes,"Rue Longue Vie 36, 1050 Ixelles, Belgium",Ixelles,1050,4.9,35,food|point_of_interest|establishment,https://www.google.com/maps/place/?q=place_id:ChIJ9V0gtgjFw0cRiHhZUfRy2hg,producteur fruits bio
Mondo Bio,"Av. Provinciale 76, 1341 Ottignies-Louvain-la-Neuve, Belgium",Ottignies-Louvain-la-Neuve,1341,4.8,32,health|store|food|point_of_interest|establishment,https://www.google.com/maps/place/?q=place_id:ChIJS13m0-3Vw0cR8c4XiWkd7mI,producteur fruits bio
Färm Waterloo Centre,"Rue du Gaz 1, 1410 Waterloo, Belgium",Waterloo,1410,4.4,118,grocery_or_supermarket|store|food|point_of_interest|establishment,https://www.google.com/maps/place/?q=place_id:ChIJxdIazc_Rw0cREk4tegTPApo,producteur fruits bio
la Cense de Léandine,"Rasbeekstraat 12, 1541 Br, Belgium",Br,1541,5,1,store|food|point_of_interest|establishment,https://www.google.com/maps/place/?q=place_id:ChIJ_UCKjtexw0cRfQFLFI6wbR0,élevage vente viande vache
K. Pieters - Volaille & gibier - Wild & gevogelte,"Av. Georges Henri 219, 1200 Bruxelles, Belgium",Bruxelles,1200,4.5,76,point_of_interest|food|store|establishment,https://www.google.com/maps/place/?q=place_id:ChIJkaiDO1bbw0cRIVN-5eKiwVA,élevage vente viande poulet
Maison Liénard,"Rue Washington 11, 1050 Ixelles, Belgium",Ixelles,1050,4.7,89,point_of_interest|food|store|establishment,https://www.google.com/maps/place/?q=place_id:ChIJbbBRPvPEw0cRT5QU7Cg64J8,élevage vente viande poulet
Volaille Du Nord Gros Et Détail,"Chau. de Helmet 284, 1030 Schaerbeek, Belgium",Schaerbeek,1030,4.5,77,point_of_interest|food|store|establishment,https://www.google.com/maps/place/?q=place_id:ChIJJ4C7mj3Dw0cRUKFJ6FCylSc,élevage vente viande poulet
Viande Fumée Chez Chantal,"Rue Ropsy Chaudron 24, 1070 Bruxelles, Belgium",Bruxelles,1070,4.7,3,point_of_interest|food|store|establishment,https://www.google.com/maps/place/?q=place_id:ChIJ1RYtkqPFw0cRxg2YjqmoWqs,élevage vente viande poulet
Camion poulet rôti Het Gouden Haantje,"Chau. de Roodebeek, 1200 Woluwe-Saint-Lambert, Belgium",Woluwe-Saint-Lambert,1200,4.6,17,restaurant|point_of_interest|food|establishment,https://www.google.com/maps/place/?q=place_id:ChIJk9tzOGDdw0cRBiNm_2EIfLw,élevage vente viande poulet
Volaillerie Beldi,"Rue de la Commune 66, 1210 Saint-Josse-ten-Noode, Belgium",Saint-Josse-ten-Noode,1210,4.5,50,point_of_interest|food|store|establishment,https://www.google.com/maps/place/?q=place_id:ChIJi42pn2TDw0cRy1w_A6q31wg,élevage vente viande poulet
Wesley's Butcher Shop,"Place Wappers 3/4, 1030 Schaerbeek, Belgium",Schaerbeek,1030,4.9,175,point_of_interest|food|store|establishment,https://www.google.com/maps/place/?q=place_id:ChIJOdzV4KfEw0cR3bnrUvCD_fc,élevage vente viande poulet
Elevage du Bara,"Rue Grand' Rue 47-7, 1341, 1341 Ottignies-Louvain-la-Neuve, Belgium",Ottignies-Louvain-la-Neuve,1341,4.6,18,point_of_interest|food|store|establishment,https://www.google.com/maps/place/?q=place_id:ChIJV3v3AQXVw0cR0dR4N5SNtHY,élevage vente viande poulet
Van Engelandt,"Rue Ropsy Chaudron 83, 1070 Anderlecht, Belgium",Anderlecht,1070,4.6,39,point_of_interest|food|store|establishment,https://www.google.com/maps/place/?q=place_id:ChIJgcGiWAnEw0cR_OJ5fWMWAo8,élevage vente viande poulet
Woluwe Butcher Shop,"Av. Georges Henri 315, 1200 Bruxelles, Belgium",Bruxelles,1200,4.8,249,point_of_interest|food|store|establishment,https://www.google.com/maps/place/?q=place_id:ChIJk3ryAFXbw0cRlJnGMxGTIMA,élevage vente viande poulet
Ferme Du Berger,"Chau. de Marche 8, 5363 Hamois, Belgium",Hamois,5363,4.6,36,point_of_interest|food|establishment,https://www.google.com/maps/place/?q=place_id:ChIJew12yge6wUcRjaAjoyCrudM,élevage vente viande poulet
La Bécasse/De Snip,"Rue de l'Eglise 137, 1150 Woluwe-Saint-Pierre, Belgium",Woluwe-Saint-Pierre,1150,4.8,25,point_of_interest|food|store|establishment,https://www.google.com/maps/place/?q=place_id:ChIJCUTi0Ybbw0cRQ22u2hKVqCk,élevage vente viande poulet
La Boucherie s.a.,"Rue Bollinckx 45, 1070 Anderlecht, Belgium",Anderlecht,1070,4.9,381,point_of_interest|food|store|establishment,https://www.google.com/maps/place/?q=place_id:ChIJAfs-rSfEw0cRV-7JHI14sZw,élevage vente viande poulet
Boucherie et Épicerie,"Rue François-Joseph Navez 18, 1030 Schaerbeek, Belgium",Schaerbeek,1030,4.4,103,supermarket|grocery_or_supermarket|point_of_interest|food|store|establishment,https://www.google.com/maps/place/?q=place_id:ChIJQ6UYqA3Dw0cR-49GtSFmius,élevage vente viande poulet
L' Elevage de Fourquevoie,"Chem. Fourquevoie 30, 7110 La Louvière, Belgium",La Louvière,7110,4.8,9,restaurant|point_of_interest|food|establishment,https://www.google.com/maps/place/?q=place_id:ChIJ23ZeNYZIwkcRlDHuHQmcl5g,élevage vente viande poulet
"Traiteur Roland, boucherie artisanale - ambachtelijke slagerij","Av. des Saisons 94, 1050 Bruxelles, Belgium",Bruxelles,1050,3.7,396,point_of_interest|food|store|establishment,https://www.google.com/maps/place/?q=place_id:ChIJC89uU8TEw0cRnTEfuQsDEeM,élevage vente viande poulet
Le Coq Elarabi,"Rue François-Joseph Navez 64, 1000 Bruxelles, Belgium",Bruxelles,1000,4.5,10,point_of_interest|food|store|establishment,https://www.google.com/maps/place/?q=place_id:ChIJdx1ltw3Dw0cR5MtGrvbLKDk,élevage vente viande poulet
Le Coq D'or,"Bd Maurice Lemonnier 50, 1000 Bruxelles, Belgium",Bruxelles,1000,4.7,62,restaurant|point_of_interest|food|store|establishment,https://www.google.com/maps/place/?q=place_id:ChIJa5SOWXfEw0cRsfT-nL8r8N8,élevage vente viande poulet
Ferme du Rouchat - poulet bio,"Rue de Branchon 51, 5380 Fernelmont, Belgium",Fernelmont,5380,5,4,food|point_of_interest|establishment,https://www.google.com/maps/place/?q=place_id:ChIJ5Ro5sf8LwUcRSMODTlKqsnQ,élevage vente viande poulet
Deliener / Claude,"Av. de la Houlette 13, 1160 Auderghem, Belgium",Auderghem,1160,4.3,14,food|point_of_interest|store|establishment,https://www.google.com/maps/place/?q=place_id:ChIJcSdtUCTbw0cREhRvfNI2Ibo,élevage vente viande poulet
Allaert Meat,"Rue du Compas 55/63, 1070 Anderlecht, Belgium",Anderlecht,1070,4,11,food|point_of_interest|establishment,https://www.google.com/maps/place/?q=place_id:ChIJawOIggvEw0cRuQjhc7XYrEI,élevage vente viande poulet
Boucherie - Du Fermier à l'Assiette,"Av. Brigade Piron 123, 1080 Molenbeek-Saint-Jean, Belgium",Molenbeek-Saint-Jean,1080,5,1,food|point_of_interest|store|establishment,https://www.google.com/maps/place/?q=place_id:ChIJeaJnJizDw0cRfEzBagSkb-w,élevage vente viande poulet
Slagerij Francies,"Waversesteenweg 1717, 1160 Brussel, Belgium",Brussel,1160,3.8,40,food|point_of_interest|store|establishment,https://www.google.com/maps/place/?q=place_id:ChIJLapfVTzbw0cRh8CViF0W5Is,élevage vente viande poulet
Les Abeilles de Ben,"Rue des Fusillés 42, 1340 Ottignies-Louvain-la-Neuve, Belgium",Ottignies-Louvain-la-Neuve,1340,5,17,point_of_interest|establishment,https://www.google.com/maps/place/?q=place_id:ChIJ06m3TFXVw0cRF1t5QqqJadE,ferme apiculteur
Miel naturel @LaRuche Fleurie,"Tenboslaan 59, 1560 Hoeilaart, Belgium",Hoeilaart,1560,0,0,point_of_interest|establishment,https://www.google.com/maps/place/?q=place_id:ChIJU6YfmVbRw0cR1QUeXtuHKN8,ferme apiculteur
Bee hives / Ruches d'abbaies / Bijenkorven - 6 stuks anno 2017,"Av. du Parc de Woluwe 68, 1160 Auderghem, Belgium",Auderghem,1160,0,0,point_of_interest|establishment,https://www.google.com/maps/place/?q=place_id:ChIJhQoFCj_bw0cRzs8ROwpFTGc,ferme apiculteur
Le Rucher de la vallée - Beexperience,"Rue de la Vallée, 1340 Ottignies-Louvain-la-Neuve, Belgium",Ottignies-Louvain-la-Neuve,1340,5,1,point_of_interest|establishment,https://www.google.com/maps/place/?q=place_id:ChIJQSMNQd9_wUcRCy0gQWRKH3Y,ferme apiculteur
Cercle Apicole Apibrabant Asbl,"Rue du Plagniau 3, 1330 Rixensart, Belgium",Rixensart,1330,0,0,point_of_interest|establishment,https://www.google.com/maps/place/?q=place_id:ChIJTw60jzTXw0cRExthbQfOkOU,ferme apiculteur
Miel de Basse-Laloux,"Rue du Château 62, 1470 Genappe, Belgium",Genappe,1470,5,2,point_of_interest|establishment,https://www.google.com/maps/place/?q=place_id:ChIJTQJwydDVw0cROKNfVvzg4zA,ferme apiculteur
L'Abeille de Villers-la-Ville,"Rue de Mellery 53, 1495 Villers-la-Ville, Belgium",Villers-la-Ville,1495,5,1,point_of_interest|establishment,https://www.google.com/maps/place/?q=place_id:ChIJm_vhJGcrwkcRSDPDzY8SC-w,ferme apiculteur
Bonmiel,"Rue Grégoire Leroy 45, 1030 Schaerbeek, Belgium",Schaerbeek,1030,0,0,point_of_interest|establishment,https://www.google.com/maps/place/?q=place_id:ChIJz-OraD3Dw0cRt4xHhB1-WhE,ferme apiculteur
Black Horse Miel Ahprodisiaque,"Rue Grétry 37, 1000 Bruxelles, Belgium",Bruxelles,1000,0,0,point_of_interest|establishment,https://www.google.com/maps/place/?q=place_id:ChIJvbA_fQDDw0cREwVfZXbbibg,ferme apiculteur
Au Rayon Bio Miroir,"Rue Léon Theodor 27, 1090 Jette, Belgium",Jette,1090,4.5,179,grocery_or_supermarket|store|food|point_of_interest|establishment,https://www.google.com/maps/place/?q=place_id:ChIJCTTBOMPDw0cRytXLYLfao4o,producteur bio
Hof van Piemont,"Isidoor Crokaertstraat 167, 1731 Asse, Belgium",Asse,1731,4.7,48,store|food|point_of_interest|establishment,https://www.google.com/maps/place/?q=place_id:ChIJjSfhUwjBw0cRuVL5fXMLxoQ,producteur bio
Groendreefmarkt - Marché de l’Allée Verte,"Pl. de l'Eglise, 1082 Berchem-Sainte-Agathe, Belgium",Berchem-Sainte-Agathe,1082,4.4,17,point_of_interest|establishment,https://www.google.com/maps/place/?q=place_id:ChIJmwPK_EXBw0cRFVcNAew9GLg,producteur bio
De Groentelaar,"Huttestraat 29, 1670 Pepingen, Belgium",Pepingen,1670,4.6,16,point_of_interest|establishment,https://www.google.com/maps/place/?q=place_id:ChIJwXpCxgq3w0cRI6FBZ1LUdt0,producteur bio
Färm,"J. Vanden Broeckstraat 47, 1780 Wemmel, Belgium",Wemmel,1780,4.4,177,grocery_or_supermarket|food|point_of_interest|store|establishment,https://www.google.com/maps/place/?q=place_id:ChIJZ1fClcnBw0cRpZAWj7JMSAI,producteur bio
Pie Konijn,"Rue du Broek 51, 1082 Berchem-Sainte-Agathe, Belgium",Berchem-Sainte-Agathe,1082,3.5,2,point_of_interest|establishment,https://www.google.com/maps/place/?q=place_id:ChIJbXSoHkfBw0cREAVA3D3AZBk,producteur bio
Ferme du mont lassy,"Rue du Mont Lassy 14, 1380 Lasne, Belgium",Lasne,1380,0,0,point_of_interest|establishment,https://www.google.com/maps/place/?q=place_id:ChIJgcNYW2nRw0cRL2BMEAYPqSI,producteur bio
CSA CourJette,"Chem. des Moutons, 1090 Jette, Belgium",Jette,1090,4.9,14,point_of_interest|establishment,https://www.google.com/maps/place/?q=place_id:ChIJ4chxdf3Bw0cRdZHhpZuoWSs,producteur bio
"De Klepper CSA, Zelfoogstboerderij","Klepperstraat 21, 1860 Meise, Belgium",Meise,1860,4.9,16,point_of_interest|establishment,https://www.google.com/maps/place/?q=place_id:ChIJ11n-YAXqw0cRgzW6iYOC_hg,producteur bio
Färm,"Rue de Stalle 15a, 1180 Uccle, Belgium",Uccle,1180,4.3,72,grocery_or_supermarket|food|health|point_of_interest|store|establishment,https://www.google.com/maps/place/?q=place_id:ChIJG8KcwkXFw0cR8jfW-Hw4Zbc,producteur bio
Ozfair,"Av. Jean Volders 9, 1060 Bruxelles, Belgium",Bruxelles,1060,4.6,86,home_goods_store|bar|clothing_store|grocery_or_supermarket|restaurant|food|point_of_interest|store|establishment,https://www.google.com/maps/place/?q=place_id:ChIJZUYGsmjEw0cRUF-zOWIxFLo,producteur bio
BioBees,"Kruisstraat 2b, 1740 Ternat, Belgium",Ternat,1740,4.6,30,point_of_interest|establishment,https://www.google.com/maps/place/?q=place_id:ChIJOQVXmyi_w0cRNE7xaoXucQQ,producteur bio
BIO V,"Rue Vanderkindere 158, 1180 Uccle, Belgium",Uccle,1180,4.5,120,grocery_or_supermarket|food|point_of_interest|store|establishment,https://www.google.com/maps/place/?q=place_id:ChIJn-XxI1HEw0cRFtd4BJaOphs,producteur bio
De Frietboerderij,"Drielindenbaan 61, 1785 Merchtem, Belgium",Merchtem,1785,5,6,point_of_interest|establishment,https://www.google.com/maps/place/?q=place_id:ChIJi9SaR0aVw0cRRGfXirLZLGw,producteur bio
Bio Shanti,"Av. Adolphe Buyl 70, 1050 Ixelles, Belgium",Ixelles,1050,4.3,344,supermarket|grocery_or_supermarket|food|point_of_interest|store|establishment,https://www.google.com/maps/place/?q=place_id:ChIJdS3m38LEw0cR1tMd-0jktLw,producteur bio
Speltboetiek De Meulder,"Diksmuidelaan 203, 2600 Antwerpen, Belgium",Antwerpen,2600,4.6,14,bakery|book_store|liquor_store|grocery_or_supermarket|food|point_of_interest|store|health|establishment,https://www.google.com/maps/place/?q=place_id:ChIJCUbWWkH3w0cRIzcNXzE-ocM,producteur bio
Biohofke,"Kleine Beer Straat 1, 2018 Antwerpen, Belgium",Antwerpen,2018,4.7,42,point_of_interest|store|establishment,https://www.google.com/maps/place/?q=place_id:ChIJMdiSZBr3w0cRAetXtK8mjEg,producteur bio
CSA Natuurlijk Fruit,"Tervuursesteenweg 360, 3001 Leuven, Belgium",Leuven,3001,4.8,8,point_of_interest|establishment,https://www.google.com/maps/place/?q=place_id:ChIJCSFU6K5hwUcRjZlpZxDqK_U,producteur bio
Buurderij Sint-Agatha-Berchem,"Rue du Jardinage 2A, 1082 Berchem-Sainte-Agathe, Belgium",Berchem-Sainte-Agathe,1082,5,6,grocery_or_supermarket|food|point_of_interest|store|establishment,https://www.google.com/maps/place/?q=place_id:ChIJj1p5FqDBw0cR-bJ_oC4vYyo,producteur local
Dehaes / P.,"Drève des Maricolles 37, 1082 Berchem-Sainte-Agathe, Belgium",Berchem-Sainte-Agathe,1082,4.8,42,food|point_of_interest|store|establishment,https://www.google.com/maps/place/?q=place_id:ChIJ4SZ3xUfBw0cRvyN4PJnjw5I,producteur local
Le Bionheur,"Av. du Panthéon 103, 1081 Bruxelles, Belgium",Bruxelles,1081,4.5,90,grocery_or_supermarket|food|point_of_interest|store|health|establishment,https://www.google.com/maps/place/?q=place_id:ChIJP3UgCOHDw0cRlEh9c4SgNFs,ferme bio
Bio-Planet,"Robert Dansaertlaan 9A, 1702 Dilbeek, Belgium",Dilbeek,1702,4.2,523,food|point_of_interest|store|health|establishment,https://www.google.com/maps/place/?q=place_id:ChIJW3V5sjzBw0cRCEEiZYq2lHs,ferme bio
Bio sens,"Av. de Laeken 13, 1090 Jette, Belgium",Jette,1090,4.7,52,food|point_of_interest|store|health|establishment,https://www.google.com/maps/place/?q=place_id:ChIJaUDj08LDw0cRgz75u9pBCCU,ferme bio
Oxfam-Magasins Du Monde,"Rue de l'Eglise 48, 1082 Berchem-Sainte-Agathe, Belgium",Berchem-Sainte-Agathe,1082,4.2,10,store|point_of_interest|establishment,https://www.google.com/maps/place/?q=place_id:ChIJN7IgW0TBw0cRGIzRechiuWQ,ferme bio
Maison Moulin Bio Market,"Quai des Péniches 59, 1000 Bruxelles, Belgium",Bruxelles,1000,4.8,114,supermarket|grocery_or_supermarket|food|point_of_interest|store|establishment,https://www.google.com/maps/place/?q=place_id:ChIJ_70kiy7Dw0cRGBT2XXm7QLE,ferme bio
BE-HERE,"Rue Dieudonné Lefèvre 4, 1020 Bruxelles, Belgium",Bruxelles,1020,4.5,403,point_of_interest|store|establishment,https://www.google.com/maps/place/?q=place_id:ChIJhdcY6gnDw0cRsk_xcm-glZo,ferme bio
River of Life Cleaner,"Rue Léon Delacroix 55, 1070 Bruxelles, Belgium",Bruxelles,1070,5,2,grocery_or_supermarket|food|point_of_interest|store|establishment,https://www.google.com/maps/place/?q=place_id:ChIJJ7PNuODFw0cR-WQy4O61trs,ferme bio
L'Herboristerie,"Av. du Panthéon 103, 1081 Koekelberg, Belgium",Koekelberg,1081,0,0,grocery_or_supermarket|food|point_of_interest|store|establishment,https://www.google.com/maps/place/?q=place_id:ChIJJ2ajp-HDw0cR8m8OpjhN_-s,ferme bio
Nature & Santé,"Av. du Karreveld 56, 1081 Koekelberg, Belgium",Koekelberg,1081,0,0,food|point_of_interest|store|health|establishment,https://www.google.com/maps/place/?q=place_id:ChIJtzuXYuPDw0cRTWa63qGMTlM,ferme bio
Végétalement Vôtre V.V,"Av. Jean Dubrucq 21, 1080 Bruxelles, Belgium",Bruxelles,1080,4.4,85,point_of_interest|store|establishment,https://www.google.com/maps/place/?q=place_id:ChIJW9WIY-vDw0cRfAEzhrOiOh8,ferme bio
DXN Bruxelles Centre De Service,"Rue de Bruges 6, 1080 Molenbeek-Saint-Jean, Belgium",Molenbeek-Saint-Jean,1080,4.3,37,point_of_interest|store|establishment,https://www.google.com/maps/place/?q=place_id:ChIJkf5eAsnBw0cRv8uo7TJa-Y8,ferme bio
Ac Bien-Etre,"Rue de Ribaucourt 86, 1080 Molenbeek-Saint-Jean, Belgium",Molenbeek-Saint-Jean,1080,4.9,29,grocery_or_supermarket|food|point_of_interest|store|establishment,https://www.google.com/maps/place/?q=place_id:ChIJsQh91IvDw0cRc85NPwRMqt8,ferme bio
Hanu Alimentation Shop,"Av. Charles-Quint 77, 1082 Ganshoren, Belgium",Ganshoren,1082,5,2,grocery_or_supermarket|food|point_of_interest|store|establishment,https://www.google.com/maps/place/?q=place_id:ChIJ-UAuJuDDw0cRWxwD02R8FjY,ferme bio
Verloo,"Rue de Grand-Bigard 405, 1082 Berchem-Sainte-Agathe, Belgium",Berchem-Sainte-Agathe,1082,4.2,16,pharmacy|point_of_interest|store|health|establishment,https://www.google.com/maps/place/?q=place_id:ChIJqRKYT0bBw0cRTNh_BdP2CIA,ferme bio
Hypermarket Carrefour Berchem-Sainte-Agathe,"Av. Charles-Quint 560, 1082 Berchem-Sainte-Agathe, Belgium",Berchem-Sainte-Agathe,1082,3.8,1317,supermarket|bakery|grocery_or_supermarket|food|point_of_interest|store|establishment,https://www.google.com/maps/place/?q=place_id:ChIJUU4RFGrBw0cRSv0D-YX8CMo,ferme bio
Super Green Me - The Ecoshop,"Rue Van Artevelde 10, 1000 Bruxelles, Belgium",Bruxelles,1000,4.4,8,clothing_store|point_of_interest|store|establishment,https://www.google.com/maps/place/?q=place_id:ChIJ73Hs84fDw0cRwVsUXo1cMtw,ferme bio
Savon et Savon,"Av. de Jette, 1090 Jette, Belgium",Jette,1090,5,2,point_of_interest|store|establishment,https://www.google.com/maps/place/?q=place_id:ChIJ9_o1ZLDDw0cRlSRKKEz5Q4U,ferme bio
Buurderij Koekelberg - Molenbeek,"Rue de l'Armistice 1, 1081 Koekelberg, Belgium",Koekelberg,1081,0,0,grocery_or_supermarket|food|point_of_interest|store|establishment,https://www.google.com/maps/place/?q=place_id:ChIJD1NilNOzw0cRdRLhN7Jwi_U,ferme bio
Kruidvat,"Av. Charles-Quint 420, 1082 Berchem-Sainte-Agathe, Belgium",Berchem-Sainte-Agathe,1082,3.5,32,drugstore|point_of_interest|store|health|establishment,https://www.google.com/maps/place/?q=place_id:ChIJWQfvxWnBw0cRPzq5lumewPM,ferme bio
Desaeger / Jozef,"Chau. de Gand 1194, 1082 Berchem-Sainte-Agathe, Belgium",Berchem-Sainte-Agathe,1082,4.1,22,supermarket|grocery_or_supermarket|food|point_of_interest|store|establishment,https://www.google.com/maps/place/?q=place_id:ChIJp7oWhUTBw0cR46fbB6ZioeE,ferme bio
HEMA,"Keizer Karellaan 420/unit 167, 1082 Bruxelles, Belgium",Bruxelles,1082,3.7,103,department_store|home_goods_store|clothing_store|point_of_interest|store|establishment,https://www.google.com/maps/place/?q=place_id:ChIJS7Xey2nBw0cRci9OHlIBsQw,ferme bio
Il était une fois Brutus Le Levain (uniquement retrait commande),"Chau. de Gand 1116, 1082 Berchem-Sainte-Agathe, Belgium",Berchem-Sainte-Agathe,1082,5,1,bakery|food|point_of_interest|store|establishment,https://www.google.com/maps/place/?q=place_id:ChIJ_er2hgjBw0cRbZO8Qdjcw8Y,ferme bio
Payot Milk,"Rue Ropsy Chaudron 24, 1070 Anderlecht, Belgium",Anderlecht,1070,0,0,point_of_interest|store|establishment,https://www.google.com/maps/place/?q=place_id:ChIJiRIB9QvEw0cR9zlbunuH3JM,ferme bio
Bionadis,"Chau. de Ninove 471, 1080 Molenbeek-Saint-Jean, Belgium",Molenbeek-Saint-Jean,1080,4,2,store|point_of_interest|establishment,https://www.google.com/maps/place/?q=place_id:ChIJt3PY76rGw0cRwseodo-s5rQ,ferme bio
Multipharma,"Av. Charles-Quint 420, 1082 Berchem-Sainte-Agathe, Belgium",Berchem-Sainte-Agathe,1082,4,25,pharmacy|point_of_interest|store|health|establishment,https://www.google.com/maps/place/?q=place_id:ChIJT1OkosLBw0cRTVIDai1SHpY,ferme bio
ArtisaMiel,"Rue du Comte de Flandre 47, 1080 Molenbeek-Saint-Jean, Belgium",Molenbeek-Saint-Jean,1080,5,43,store|point_of_interest|establishment,https://www.google.com/maps/place/?q=place_id:ChIJebZHlL3Dw0cRgtjT-MmGbzU,ferme bio
StreetShop,"Rue Léon Theodor 99, 1090 Jette, Belgium",Jette,1090,4.7,43,clothing_store|point_of_interest|store|establishment,https://www.google.com/maps/place/?q=place_id:ChIJdU4FAvrDw0cRD5729WLE5fY,ferme bio
loukapharma,"Chau. de Gand 87, 1080 Molenbeek-Saint-Jean, Belgium",Molenbeek-Saint-Jean,1080,3,62,pharmacy|point_of_interest|store|health|establishment,https://www.google.com/maps/place/?q=place_id:ChIJGR5hmozDw0cRUeOwLIfKar8,ferme bio
Administration communale,"Av. du Roi Albert 33, 1082 Berchem-Sainte-Agathe, Belgium",Berchem-Sainte-Agathe,1082,2.9,40,local_government_office|point_of_interest|establishment,https://www.google.com/maps/place/?q=place_id:ChIJGYUFZUTBw0cRYy1uUna13vA,ferme bio
Savons de la Couronne,"Kon. Elisabethlaan 10, 1700 Dilbeek, Belgium",Dilbeek,1700,5,5,food|point_of_interest|store|health|establishment,https://www.google.com/maps/place/?q=place_id:ChIJlwjuyqfGw0cRtSqjTUtExh8,ferme bio
Ekoplaza Berchem - biologische supermarkt,"Uitbreidingstraat 392, 2600 Antwerpen, Belgium",Antwerpen,2600,4.2,353,grocery_or_supermarket|health|point_of_interest|food|store|establishment,https://www.google.com/maps/place/?q=place_id:ChIJz9HkSjz3w0cRmWTyhfjchS0,ferme bio
Harmony 7,"Rue Henri Werrie 87, 1090 Jette, Belgium",Jette,1090,4.6,7,health|point_of_interest|food|store|establishment,https://www.google.com/maps/place/?q=place_id:ChIJid757sTDw0cRuPdbKsRuu2c,ferme bio
La Ressource Jette,"Rue Pierre Timmermans 43, 1090 Jette, Belgium",Jette,1090,4,21,point_of_interest|store|establishment,https://www.google.com/maps/place/?q=place_id:ChIJX4BGaW_Dw0cRcYAFFoSQja8,ferme bio
La Ferme Maximilien - De Maximiliaan boerderij,"Quai du Batelage 2, 1000 Bruxelles, Belgium",Bruxelles,1000,4.3,513,point_of_interest|establishment,https://www.google.com/maps/place/?q=place_id:ChIJE4yZ0JrDw0cR-krI0qdwTLg,vente directe à la ferme
Ezelboerderij,"Cœur Vert 26, 1083 Ganshoren, Belgium",Ganshoren,1083,5,1,point_of_interest|establishment,https://www.google.com/maps/place/?q=place_id:ChIJW1zgsGDBw0cRJSb6UO-H7bw,vente directe à la ferme
OCMW Sint-Agatha-Berchem,"Av. de Selliers de Moranville 91, 1082 Berchem-Sainte-Agathe, Belgium",Berchem-Sainte-Agathe,1082,3.5,88,health|point_of_interest|establishment,https://www.google.com/maps/place/?q=place_id:ChIJ_y82t0bBw0cR-YrL_Aognqo,circuit court
Administration Communale Berchem,"Rue des Châlets 1, 1082 Berchem-Sainte-Agathe, Belgium",Berchem-Sainte-Agathe,1082,0,0,point_of_interest|local_government_office|establishment,https://www.google.com/maps/place/?q=place_id:ChIJf8l0dEDBw0cRK-3F0N_IkJI,circuit court
Cemetery of Sint-Agatha-Berchem,"Rue Kasterlinden 143, 1082 Berchem-Sainte-Agathe, Belgium",Berchem-Sainte-Agathe,1082,3.8,10,cemetery|point_of_interest|establishment,https://www.google.com/maps/place/?q=place_id:ChIJQZ6aOknBw0cRNLgu1AHGL2g,circuit court
Fresho Srl,"Rue de Plomcot 4, 6224 Fleurus, Belgium",Fleurus,6224,4.4,17,grocery_or_supermarket|store|food|point_of_interest|establishment,https://www.google.com/maps/place/?q=place_id:ChIJBwDVXEOHwUcR4RRvt56LP-4,producteur fruits bio
Hof te Berchemveld,"Brabantsebaan 375A, 1600 Sint-Pieters-Leeuw, Belgium",Sint-Pieters-Leeuw,1600,4.8,60,food|point_of_interest|store|establishment,https://www.google.com/maps/place/?q=place_id:ChIJxX7VyvHHw0cRC6m2l10H-WE,élevage vente viande vache
Zavelput,"Rue de Grand-Bigard 226, 1082 Berchem-Sainte-Agathe, Belgium",Berchem-Sainte-Agathe,1082,4.7,145,food|point_of_interest|store|establishment,https://www.google.com/maps/place/?q=place_id:ChIJkRqBj0_Bw0cRi9AsEDOktNI,élevage vente viande vache
Meat Mood,"Chau. de Gand 1334, 1082 Berchem-Sainte-Agathe, Belgium",Berchem-Sainte-Agathe,1082,3.9,58,food|point_of_interest|store|establishment,https://www.google.com/maps/place/?q=place_id:ChIJVUVrRPPBw0cRuQhj70AhZFE,élevage vente viande vache
The Butcher block,"Chau. de Gand 1382, 1082 Berchem-Sainte-Agathe, Belgium",Berchem-Sainte-Agathe,1082,4.8,43,food|point_of_interest|store|establishment,https://www.google.com/maps/place/?q=place_id:ChIJb2GO7lfBw0cR_csAjGVb6GQ,élevage vente viande vache
Boucherie Morad Slagerij,"Chau. de Gand 1190, 1082 Berchem-Sainte-Agathe, Belgium",Berchem-Sainte-Agathe,1082,4.7,69,food|point_of_interest|store|establishment,https://www.google.com/maps/place/?q=place_id:ChIJG1i4mkTBw0cROtr2prCnShM,élevage vente viande vache
Beenhouwerij Andalousië,"Chau. de Gand 1139, 1082 Berchem-Sainte-Agathe, Belgium",Berchem-Sainte-Agathe,1082,4.4,34,food|point_of_interest|store|establishment,https://www.google.com/maps/place/?q=place_id:ChIJxQrGmUTBw0cRVUpvytAXK3Y,élevage vente viande vache
L'atelier-HS: Boucherie halal Berchem-Sainte-Agathe,"Drève des Maricolles 37, 1082 Berchem-Sainte-Agathe, Belgium",Berchem-Sainte-Agathe,1082,4.9,61,bakery|meal_takeaway|restaurant|food|point_of_interest|store|establishment,https://www.google.com/maps/place/?q=place_id:ChIJdSjCJ8vBw0cRF7rFgFwUTm8,élevage vente viande vache
Boucherie Berchem,"1082 Sint-Agatha-Berchem, Belgium",,,5,2,food|point_of_interest|store|establishment,https://www.google.com/maps/place/?q=place_id:ChIJNbm7hEPBw0cRviyWDWS9qPs,élevage vente viande vache
BE-HERE - Bio Market,"Rue Dieudonné Lefèvre 4, 1000 Bruxelles, Belgium",Bruxelles,1000,4.5,209,point_of_interest|establishment,https://www.google.com/maps/place/?q=place_id:ChIJGYKLTO_Dw0cRE090icC8tak,producteur bio
Magasin Général bio ixelles,"Rue Guillaume Stocq 45, 1050 Ixelles, Belgium",Ixelles,1050,4.6,85,grocery_or_supermarket|food|health|point_of_interest|store|establishment,https://www.google.com/maps/place/?q=place_id:ChIJr_b-_-rEw0cRJdXm6hqjenY,producteur bio
Natural Corner,"Rue de l'Escalier 1, 1000 Bruxelles, Belgium",Bruxelles,1000,4.7,241,food|health|point_of_interest|store|establishment,https://www.google.com/maps/place/?q=place_id:ChIJn5wapX7Ew0cR9PlqUsf0l-w,producteur bio
l'artisan beldi,"Rue Théodore Verhaegen 69, 1060 Bruxelles, Belgium",Bruxelles,1060,4.4,53,point_of_interest|store|establishment,https://www.google.com/maps/place/?q=place_id:ChIJR0TAPmjEw0cRkmTADKUwtyQ,producteur bio
Marche bio,"Rue Dieudonné Lefèvre 4, 1020 Bruxelles, Belgium",Bruxelles,1020,4,1,restaurant|food|point_of_interest|establishment,https://www.google.com/maps/place/?q=place_id:ChIJMbpH7qHDw0cR6xvOzxPPuYw,producteur bio
Stay Bio,"Rue de la Croix de Fer 61, 1000 Bruxelles, Belgium",Bruxelles,1000,4.7,27,point_of_interest|store|establishment,https://www.google.com/maps/place/?q=place_id:ChIJe-ScvvjDw0cR8GhUHMiwYgk,producteur bio
Bulbe,"Rue Henri Stacquet 61, 1030 Bruxelles, Belgium",Bruxelles,1030,5,19,liquor_store|grocery_or_supermarket|food|health|point_of_interest|store|establishment,https://www.google.com/maps/place/?q=place_id:ChIJP5ilhDHDw0cReJMLi03Ao8g,producteur bio
Le Thym Frais - Epicerie Bio à Bruxelles,"Chau. de Helmet 184, 1030 Schaerbeek, Belgium",Schaerbeek,1030,4.2,18,food|health|point_of_interest|store|establishment,https://www.google.com/maps/place/?q=place_id:ChIJhbT_CBbDw0cRyblkn0THK0c,producteur bio
Les idées à la pelle,"Av. Louis Bertrand 25, 1030 Bruxelles, Belgium",Bruxelles,1030,4.4,61,point_of_interest|store|establishment,https://www.google.com/maps/place/?q=place_id:ChIJQfAw6W3Dw0cRjvUTvpxo0gI,producteur bio
Bio-sante,"Rue de Wand 150, 1020 Bruxelles, Belgium",Bruxelles,1020,4.6,59,health|point_of_interest|food|store|establishment,https://www.google.com/maps/place/?q=place_id:ChIJqVgh9lnCw0cRi8Er7wHQaZ8,producteur bio
PeasandLove@Lasne Brussels,"503 Chaussée de Mouvain B-1380, 1380, 1380 Lasne, Belgium",Lasne,1380,4.3,3,point_of_interest|establishment,https://www.google.com/maps/place/?q=place_id:ChIJJQ3nJwbRw0cRruNMQQ4FFSE,producteur bio
Buurderij Schaarbeek,"Bd Général Wahis 16b, 1030 Schaerbeek, Belgium",Schaerbeek,1030,5,8,grocery_or_supermarket|point_of_interest|food|store|establishment,https://www.google.com/maps/place/?q=place_id:ChIJ96-nX3fDw0cR6VzkpMKzhME,producteur local
AA Invest SPRL,"Rue de la Pacification 2, 1210 Saint-Josse-ten-Noode, Belgium",Saint-Josse-ten-Noode,1210,5,1,point_of_interest|food|establishment,https://www.google.com/maps/place/?q=place_id:ChIJcw_TTWLDw0cR6jLmtW8_Hxs,producteur local
Lokale,"Steenweg op Alsemberg 49, 1630 Linkebeek, Belgium",Linkebeek,1630,4.4,183,grocery_or_supermarket|store|food|point_of_interest|establishment,https://www.google.com/maps/place/?q=place_id:ChIJwWL2eJLFw0cRKPp79CIX6So,producteur local
Buurderij,"Bd de Smet de Naeyer 570, 1020 Bruxelles, Belgium",Bruxelles,1020,3,1,bakery|store|food|point_of_interest|establishment,https://www.google.com/maps/place/?q=place_id:ChIJAeFwt1bDw0cRcaqsJFGYPpk,producteur local
Fermenthings,"Rue Dieudonné Lefèvre 4, 1020 Bruxelles, Belgium",Bruxelles,1020,4.6,46,grocery_or_supermarket|store|food|point_of_interest|establishment,https://www.google.com/maps/place/?q=place_id:ChIJCQVCwdzDw0cRcnvxwsmsMMU,producteur local
Uccle Farm,"Vieille Rue du Moulin 93, 1180 Uccle, Belgium",Uccle,1180,4.5,135,point_of_interest|establishment,https://www.google.com/maps/place/?q=place_id:ChIJt7C0vBPFw0cRZYkyXM29sk0,ferme bio
Epicerie bio de la Ferme Nos Pilifs,"Trassersweg 347, 1120 Brussel, Belgium",Brussel,1120,5,8,point_of_interest|food|store|establishment,https://www.google.com/maps/place/?q=place_id:ChIJESTiIQDDw0cRMOg5bOsy_UA,ferme bio
Skyfarms - Potagers d'entreprise et jardins urbains,"Rue Dieudonné Lefèvre 4, 1020 Bruxelles, Belgium",Bruxelles,1020,5,103,general_contractor|point_of_interest|establishment,https://www.google.com/maps/place/?q=place_id:ChIJY84nyqfDw0cRb6amAZr9tHc,ferme bio
Ferme du Passavant,"Chau. de Bruxelles 60, 1470 Genappe, Belgium",Genappe,1470,4.6,61,point_of_interest|establishment,https://www.google.com/maps/place/?q=place_id:ChIJlcVxLBHTw0cRHBV6V-kcanM,ferme bio
EcoGrove Organic,"Cantersteen 12, 1000 Bruxelles, Belgium",Bruxelles,1000,0,0,point_of_interest|food|store|establishment,https://www.google.com/maps/place/?q=place_id:ChIJUQdSA_DFw0cRynOavdg_zxU,ferme bio
La Ferme Rose asbl,"Av. De Fré 44, 1180 Uccle, Belgium",Uccle,1180,4.2,258,point_of_interest|establishment,https://www.google.com/maps/place/?q=place_id:ChIJF4cJCKvFw0cRNkPdscrMMX4,ferme bio
Jardinerie de la Ferme Nos Pilifs,"Trassersweg 347, 1120 Brussel, Belgium",Brussel,1120,4.6,19,point_of_interest|store|establishment,https://www.google.com/maps/place/?q=place_id:ChIJwcJ3FL3Dw0cRNulactZJ5_Q,ferme bio
"FruityHaren, potager collectif en permaculture","Chem. du Keelbeek, 1130 Bruxelles, Belgium",Bruxelles,1130,4,1,school|point_of_interest|establishment,https://www.google.com/maps/place/?q=place_id:ChIJEfotOSzdw0cRUyROcc0THxw,ferme bio
Ferme de la Tortue,"Rue Ramée 10, 7063 Soignies, Belgium",Soignies,7063,4.7,34,point_of_interest|establishment,https://www.google.com/maps/place/?q=place_id:ChIJobSWidpNwkcRAtmZzG5EdRE,ferme bio
La Ferme d'Anjou,"Rue au Bois 365B, 1150 Bruxelles, Belgium",Bruxelles,1150,5,6,point_of_interest|establishment,https://www.google.com/maps/place/?q=place_id:ChIJW9rySiLbw0cReAYgDTUFJLk,ferme bio
't Legumenhofke Bio Groentepakketten in het Dijleland,"Afhaalpunt, Nachtegalenstraat 42, 3001 Leuven, Belgium",Leuven,3001,4.9,10,point_of_interest|establishment,https://www.google.com/maps/place/?q=place_id:ChIJG4JkVzlhwUcRusvWDSnk_k8,ferme bio
Bij Eugène,"Av. Eugène Demolder 97, 1030 Schaerbeek, Belgium",Schaerbeek,1030,4.9,7,point_of_interest|establishment,https://www.google.com/maps/place/?q=place_id:ChIJ6W78D_zDw0cRZqvd9Q6z4jM,vente directe à la ferme
La Ferme Nourricière de Gentilsart,"Rue Gentilsart 2, 1325 Chaumont-Gistoux, Belgium",Chaumont-Gistoux,1325,5,15,grocery_or_supermarket|point_of_interest|food|store|establishment,https://www.google.com/maps/place/?q=place_id:ChIJh0gmxqQVMAwR0f8XBjorfCE,vente directe à la ferme
Boerderij Castrum,"Rue du Pré aux Oies 239, 1130 Bruxelles, Belgium",Bruxelles,1130,4.6,5,point_of_interest|establishment,https://www.google.com/maps/place/?q=place_id:ChIJG3CPW9bdw0cRZ_P_hkK1RnA,vente directe à la ferme
"Bloemenplukweide ""Cycle-Farm""","Rue Kerkveld, 1630 Linkebeek, Belgium",Linkebeek,1630,4.8,22,food|point_of_interest|store|establishment,https://www.google.com/maps/place/?q=place_id:ChIJHwaCXlTFw0cRogek_FijRe8,vente directe à la ferme
Cressonniere de Laeken,"Av. Van Praet, 1020 Bruxelles, Belgium",Bruxelles,1020,4.6,7,point_of_interest|establishment,https://www.google.com/maps/place/?q=place_id:ChIJc8nSTv7Cw0cRlIdeVBhmxOs,vente directe à la ferme
La Ferme du Bois Joli,"Chem. du Laid Trô 72, 7090 Braine-le-Comte, Belgium",Braine-le-Comte,7090,4.8,220,point_of_interest|establishment,https://www.google.com/maps/place/?q=place_id:ChIJpbp5TojKw0cR1dMr0FEa1NE,vente directe à la ferme
Ferme aux Légumes,"Rue de Namur 13, 1476 Genappe, Belgium",Genappe,1476,4.7,85,point_of_interest|establishment,https://www.google.com/maps/place/?q=place_id:ChIJr5JkKNkswkcR1GmEa0ENIH8,vente directe à la ferme
The Pavé farm,"Rue de Thuin 50, 6534 Thuin, Belgium",Thuin,6534,4.6,208,store|food|point_of_interest|establishment,https://www.google.com/maps/place/?q=place_id:ChIJaccOwEUjwkcRcuM272SUR0Q,vente directe à la ferme
La Villa Loca,"Rue Georges Simpson 51, 1083 Ganshoren, Belgium",Ganshoren,1083,5,1,point_of_interest|establishment,https://www.google.com/maps/place/?q=place_id:ChIJYziABk_Cw0cRywA81RVmTwo,vente directe à la ferme
Verdura,"Molenweg 66, 1640 Sint-Genesius-Rode, Belgium",Sint-Genesius-Rode,1640,5,13,food|point_of_interest|establishment,https://www.google.com/maps/place/?q=place_id:ChIJmRblZiLPw0cR4vK8Dozsdbw,vente directe à la ferme
Constitutional Court,"Pl. Royale 7, 1000 Bruxelles, Belgium",Bruxelles,1000,3.7,22,courthouse|point_of_interest|establishment,https://www.google.com/maps/place/?q=place_id:ChIJkeLiIuTEw0cRWKMDb36dtFQ,circuit court
Tribunal de première instance francophone de Bruxelles,"Pl. Poelaert 1, 1000 Bruxelles, Belgium",Bruxelles,1000,2.8,13,courthouse|local_government_office|point_of_interest|establishment,https://www.google.com/maps/place/?q=place_id:ChIJ_zEVTxfFw0cRIlOfrpuOE0c,circuit court
European Court of Arbitration,"Av. Coghen 198, 1180 Bruxelles, Belgium",Bruxelles,1180,0,0,courthouse|local_government_office|point_of_interest|establishment,https://www.google.com/maps/place/?q=place_id:ChIJAQC0o1LEw0cRQ0gFIBgXshY,circuit court
Court-Circuit - Fédération des Musiques Actuelles,"Trav. des Muses 15, 5002 Namur, Belgium",Namur,5002,5,2,point_of_interest|establishment,https://www.google.com/maps/place/?q=place_id:ChIJUzT2KHzEw0cRlvoi-fw4hhA,circuit court
Tribunal de l'application des peines francophone de Bruxelles,"Rue de la Régence 63/4ème étage, 1000 Bruxelles, Belgium",Bruxelles,1000,3.7,3,courthouse|local_government_office|point_of_interest|establishment,https://www.google.com/maps/place/?q=place_id:ChIJnbUkGHjFw0cRjs5xzwQ-cyc,circuit court
la poule aux oeufs bleus,"Rue de Corsal 16, 1450 Chastre, Belgium",Chastre,1450,4.6,24,restaurant|store|food|point_of_interest|establishment,https://www.google.com/maps/place/?q=place_id:ChIJE3-323h_wUcRwoUMyYxtDOQ,ferme avicole
Ferme de la Chise,"Rue De La Chise 4, 1315 Incourt, Belgium",Incourt,1315,4.7,76,point_of_interest|establishment,https://www.google.com/maps/place/?q=place_id:ChIJw9L55sV6wUcRzLZtF2_jJZ4,ferme avicole
Ferme De Plomcot,"Rue de Plomcot 2, 6224 Fleurus, Belgium",Fleurus,6224,4,4,point_of_interest|establishment,https://www.google.com/maps/place/?q=place_id:ChIJP59g2VyHwUcRA5cu0vKCbEA,ferme avicole
L'élevage Atypique éco-paturage,"Rue Trieu Gossiaux 27, 6224 Fleurus, Belgium",Fleurus,6224,4.5,2,general_contractor|point_of_interest|food|establishment,https://www.google.com/maps/place/?q=place_id:ChIJv1juEk1s1E8RHBvYC8d5w00,ferme avicole
"""Au Poulailler"" Élevage de volailles en plein air","1 Rue du Pavé, 59530 Jolimetz, France",Jolimetz,59530,5,19,point_of_interest|food|establishment,https://www.google.com/maps/place/?q=place_id:ChIJV_jkC2KLwkcR3xidIUP8TAU,ferme avicole
Élevage des 4 Vents,"Rue des Quatre-Vents 1, 7743 Pecq, Belgium",Pecq,7743,4.8,12,point_of_interest|establishment,https://www.google.com/maps/place/?q=place_id:ChIJwaHFCtchw0cRMYCTTJ7JQhg,ferme avicole
Ferme Dewaele,"Chau. de Fleurus 29, 6230 Pont-à-Celles, Belgium",Pont-à-Celles,6230,4.8,30,point_of_interest|establishment,https://www.google.com/maps/place/?q=place_id:ChIJaXDTRU4vwkcR1xfZhEcioZ0,ferme avicole
Les volailles des Serres de Sauvenière,"Rue du Stordoir 56, 5030 Gembloux, Belgium",Gembloux,5030,5,13,pet_store|restaurant|point_of_interest|food|store|establishment,https://www.google.com/maps/place/?q=place_id:ChIJl8tgzQGDwUcR7Ifm4vAnnsY,ferme avicole
مذبحة Volaillerie Halal,"Rue Tazieaux 14, 1080 Molenbeek-Saint-Jean, Belgium",Molenbeek-Saint-Jean,1080,3.3,3,point_of_interest|food|store|establishment,https://www.google.com/maps/place/?q=place_id:ChIJ3dz3clzDw0cR3RflnfmXzkk,ferme avicole
La Biosphère,"Bd du Centenaire 8, 1325 Chaumont-Gistoux, Belgium",Chaumont-Gistoux,1325,4.6,111,point_of_interest|store|establishment,https://www.google.com/maps/place/?q=place_id:ChIJbZJ-S1p8wUcRnHSqoNXHb1Q,producteur fruits bio
Central Fruit,"Quai des Usines 112, 1000 Bruxelles, Belgium",Bruxelles,1000,4.5,29,food|point_of_interest|store|establishment,https://www.google.com/maps/place/?q=place_id:ChIJn4rxmAjDw0cRco0oWIRNCPI,producteur fruits bio
L'Éleveur Boucher | Chez Hmida,"Rue Brogniez 133, 1070 Bruxelles, Belgium",Bruxelles,1070,4.6,10,grocery_or_supermarket|store|food|point_of_interest|establishment,https://www.google.com/maps/place/?q=place_id:ChIJp5x5_xnFw0cRrzPePtsLhSE,élevage vente viande vache
Atelier Dierendonck,"Rue Sainte-Catherine 24, 1000 Bruxelles, Belgium",Bruxelles,1000,4.4,160,store|food|point_of_interest|establishment,https://www.google.com/maps/place/?q=place_id:ChIJ96Hyt4fDw0cR91fOINbkrlc,élevage vente viande vache
Meat-in,"Rue Josaphat 189, 1030 Schaerbeek, Belgium",Schaerbeek,1030,5,14,store|food|point_of_interest|establishment,https://www.google.com/maps/place/?q=place_id:ChIJfblupVzDw0cR29_XAMgXgq4,élevage vente viande vache
The Sheep House sprl,"Rue Ropsy Chaudron 35, 1070 Anderlecht, Belgium",Anderlecht,1070,3.8,36,store|food|point_of_interest|establishment,https://www.google.com/maps/place/?q=place_id:ChIJORUPdwzEw0cRTA6f0seOmEM,élevage vente viande vache
Élevage de Néchin - Vente de colis de viande à la ferme,"Rue des Saules 122, 7730 Estaimpuis, Belgium",Estaimpuis,7730,4.6,13,point_of_interest|establishment,https://www.google.com/maps/place/?q=place_id:ChIJEc0iUFYnw0cR85LoraXM32M,élevage vente viande vache
Walravens,"Rue Uyttenhove 80, 1090 Jette, Belgium",Jette,1090,4,9,store|food|point_of_interest|establishment,https://www.google.com/maps/place/?q=place_id:ChIJ9Sp6mb_Dw0cRQRrQDHU7hhc,élevage vente viande vache
Boucherie Evere,"Avenue H. Conscience 167, 1140 Evere, Belgium",Evere,1140,4.7,124,store|food|point_of_interest|establishment,https://www.google.com/maps/place/?q=place_id:ChIJO0moq7HDw0cRLYDMe9LEKqw,élevage vente viande vache
vache highland à vendre belgique,"Rue du Puits 107, 1341 Ottignies-Louvain-la-Neuve, Belgium",Ottignies-Louvain-la-Neuve,1341,0,0,point_of_interest|establishment,https://www.google.com/maps/place/?q=place_id:ChIJZat76NTVw0cR2VXe2UdS6vg,élevage vente viande vache
Sprl Imvaa,"Rte Gouvernementale 37, 1150 Bruxelles, Belgium",Bruxelles,1150,5,1,food|point_of_interest|establishment,https://www.google.com/maps/place/?q=place_id:ChIJ2SEDnJrbw0cRCg5Mhq2FrGY,élevage vente viande vache
Ferme de la Rouge Croix,"Rouge-Croix 1, 5560 Houyet, Belgium",Houyet,5560,4.8,25,store|food|point_of_interest|establishment,https://www.google.com/maps/place/?q=place_id:ChIJi12prVPBwUcRdI7Ujxr1QoI,élevage vente viande vache
Ferme de la Coulbrie,"Chem. des Théodosiens 206, 7060 Soignies, Belgium",Soignies,7060,4.9,10,point_of_interest|food|store|establishment,https://www.google.com/maps/place/?q=place_id:ChIJm6ikh61NwkcRtE330RUyFq4,élevage vente viande vache
Febev-Federation Belge de la Viande Asbl,"Quai aux Pierres de Taille 37/1, 1000 Bruxelles, Belgium",Bruxelles,1000,0,0,point_of_interest|food|store|establishment,https://www.google.com/maps/place/?q=place_id:ChIJ88xvkHDEw0cRwKYQ-ZcjuqQ,élevage vente viande vache
De L’œuf Au Bœuf,"Rue Marie-Christine 209, 1020 Bruxelles, Belgium",Bruxelles,1020,3.8,12,point_of_interest|food|store|establishment,https://www.google.com/maps/place/?q=place_id:ChIJAQDJ3brDw0cREjT68kp3xyo,élevage vente viande vache
jacheteunechevre,"Av. des Arts 7, 1210 Bruxelles, Belgium",Bruxelles,1210,0,0,point_of_interest|establishment,https://www.google.com/maps/place/?q=place_id:ChIJL0aDQX3Dw0cR1tjFgntcvoU,élevage vente viande vache
Butcher Farm sprl,"Rue du Wellin 87, 5574 Beauraing, Belgium",Beauraing,5574,4.8,107,point_of_interest|food|store|establishment,https://www.google.com/maps/place/?q=place_id:ChIJ4_YJuuvEwUcRZUERtHMxGuc,élevage vente viande vache
Van Audenhove,"Rue du Compas 53, 1070 Anderlecht, Belgium",Anderlecht,1070,0,0,point_of_interest|food|establishment,https://www.google.com/maps/place/?q=place_id:ChIJAR1yggvEw0cRrEbLwYjMuCA,élevage vente viande vache
Boucherie Artisanale,"Rue de Dinant 73, 1401 Nivelles, Belgium",Nivelles,1401,5,67,point_of_interest|food|store|establishment,https://www.google.com/maps/place/?q=place_id:ChIJaVDjUJTNw0cR1haTD3owO1I,élevage vente viande vache
Eleveur De Hainaut Vente De Viande À La Ferme,"59494 Aubry-du-Hainaut, France",,,0,0,point_of_interest|food|store|establishment,https://www.google.com/maps/place/?q=place_id:ChIJQXo71gfswkcRMfINXi3bRKY,élevage vente viande vache
Volaillerie Libérateurs,"Sq. des Libérateurs 1, 1080 Molenbeek-Saint-Jean, Belgium",Molenbeek-Saint-Jean,1080,0,0,point_of_interest|food|store|establishment,https://www.google.com/maps/place/?q=place_id:ChIJh4KwhQHDw0cR1y9vcgVTGpU,élevage vente viande vache
Sugina,"Av. de la Chevalerie 9, 1040 Etterbeek, Belgium",Etterbeek,1040,4.4,33,health|point_of_interest|food|store|establishment,https://www.google.com/maps/place/?q=place_id:ChIJN0G5majEw0cRSJ9foKBLadk,producteur bio
Sequoia,"Rue Gray 2 bte 20, 1040 Etterbeek, Belgium",Etterbeek,1040,4.1,156,grocery_or_supermarket|point_of_interest|food|store|establishment,https://www.google.com/maps/place/?q=place_id:ChIJwTrgC0nFw0cRI7te_CixlmM,producteur bio
FreshMed,"Rue de l'Escadron 35, 1040 Etterbeek, Belgium",Etterbeek,1040,4.4,1871,supermarket|bakery|grocery_or_supermarket|store|food|point_of_interest|establishment,https://www.google.com/maps/place/?q=place_id:ChIJ9atyD7PEw0cR02H0iUp1pbI,producteur bio
C'est bio,"Rue du Menuisier 27, 1200 Woluwe-Saint-Lambert, Belgium",Woluwe-Saint-Lambert,1200,4.4,19,store|point_of_interest|establishment,https://www.google.com/maps/place/?q=place_id:ChIJTSr3x1fbw0cRCnwKceNqeQI,producteur bio
Bio Willems,"Rue Willems 48, 1000 Bruxelles, Belgium",Bruxelles,1000,4.7,45,store|point_of_interest|establishment,https://www.google.com/maps/place/?q=place_id:ChIJnT7fLmLDw0cRb-LiUEqhoM8,producteur bio
Magic Roots Boutique,"Rue Gray 9, 1040 Bruxelles, Belgium",Bruxelles,1040,5,21,grocery_or_supermarket|food|health|point_of_interest|store|establishment,https://www.google.com/maps/place/?q=place_id:ChIJeeuwpf3Fw0cRVQAmnW0ArhE,ferme bio
Banane Bambou,"Rue Gérard 99, 1040 Etterbeek, Belgium",Etterbeek,1040,5,5,grocery_or_supermarket|food|point_of_interest|store|establishment,https://www.google.com/maps/place/?q=place_id:ChIJr4oGrq7Ew0cRE2xFcBklPm0,ferme bio
Santé Bio-Figus,"Brussels Airport, 1040 Bruxelles, Belgium",Bruxelles,1040,0,0,point_of_interest|store|establishment,https://www.google.com/maps/place/?q=place_id:ChIJj8P7mG7Fw0cRYNqf9ss5sm0,ferme bio
Biogenix Belgium,"U7, Sint Michielswarande 97, 1040 Etterbeek, Belgium",Etterbeek,1040,4,1,food|health|point_of_interest|store|establishment,https://www.google.com/maps/place/?q=place_id:ChIJW0SuPrLEw0cRqthq35xNbqg,ferme bio
MIR Concept Coffee Store ️ Place Jourdan (Etterbeek) 1040 Brussels,"Rue Gray 4A, 1040 Etterbeek, Belgium",Etterbeek,1040,4.7,100,cafe|restaurant|point_of_interest|food|store|establishment,https://www.google.com/maps/place/?q=place_id:ChIJbbuQ1EXFw0cR1hGG2ECGfVg,ferme bio
Sequoia,"Rue Lesbroussart 123, 1000 Bruxelles, Belgium",Bruxelles,1000,4,175,grocery_or_supermarket|point_of_interest|food|store|establishment,https://www.google.com/maps/place/?q=place_id:ChIJo13VdbHFw0cRcpv2RSxqw3g,ferme bio
Dolma Magasin,"Chau. d'Ixelles 296, 1050 Ixelles, Belgium",Ixelles,1050,4.4,134,grocery_or_supermarket|point_of_interest|food|store|establishment,https://www.google.com/maps/place/?q=place_id:ChIJf8D1qIjEw0cRC6BWYav5siQ,ferme bio
Bio Factory Sprl,"Av. de la Chasse 135, 1040 Bruxelles, Belgium",Bruxelles,1040,0,0,home_goods_store|point_of_interest|store|establishment,https://www.google.com/maps/place/?q=place_id:ChIJxzJEhbrEw0cR48YCLbfL__4,ferme bio
La Ressource,"Pl. Saint-Pierre 20, 1040 Bruxelles, Belgium",Bruxelles,1040,4.8,22,point_of_interest|store|establishment,https://www.google.com/maps/place/?q=place_id:ChIJcbzcl-3Fw0cRdBbDusFXmps,ferme bio
Peas&Love@David Lloyd Uccle,"Avenue Van Bever 29 Ferme urbaine Peas&Love, 1180 Bruxelles, Belgium",Bruxelles,1180,4,8,point_of_interest|establishment,https://www.google.com/maps/place/?q=place_id:ChIJheArOn3Fw0cRWIXB0lNJvFE,vente directe à la ferme
Etterbeek City Hall,"Av. des Casernes 31, 1040 Etterbeek, Belgium",Etterbeek,1040,4.2,316,city_hall|point_of_interest|local_government_office|establishment,https://www.google.com/maps/place/?q=place_id:ChIJE3ukILbDw0cRIZ_RQ07dmvw,circuit court
Vredegerecht van Etterbeek,"Rue de l'Etang 4, 1040 Etterbeek, Belgium",Etterbeek,1040,5,3,point_of_interest|establishment,https://www.google.com/maps/place/?q=place_id:ChIJY-bMWCvdw0cR0T4UoMhyqC4,circuit court
Poule & Poulette Etterbeek (Place Jourdan),"Pl. Jourdan 70, 1040 Etterbeek, Belgium",Etterbeek,1040,4.3,1170,restaurant|food|point_of_interest|establishment,https://www.google.com/maps/place/?q=place_id:ChIJVVTn9n7Fw0cRwxd1bAXqsIE,ferme avicole
Volailles Sam Annour,"Rue de Theux 31, 1040 Etterbeek, Belgium",Etterbeek,1040,4.6,202,restaurant|food|point_of_interest|establishment,https://www.google.com/maps/place/?q=place_id:ChIJf3Fbdb3Ew0cRPa4JDSujupE,ferme avicole
Boucherie Pascale,"Rue de Pervyse 66, 1040 Etterbeek, Belgium",Etterbeek,1040,4.9,93,food|point_of_interest|store|establishment,https://www.google.com/maps/place/?q=place_id:ChIJ-ZmB-b3Fw0cRBF-VsRbWi4M,ferme avicole
Boucherie Traiteur Van de Laer,"Rue de Pervyse 40, 1040 Etterbeek, Belgium",Etterbeek,1040,4.4,71,food|point_of_interest|store|establishment,https://www.google.com/maps/place/?q=place_id:ChIJ1Rdg5bPEw0cR_fwilcYpwFo,ferme avicole
Au Primeur d'Etterbeek,"Rue de Tervaete 41, 1040 Etterbeek, Belgium",Etterbeek,1040,5,25,grocery_or_supermarket|store|food|point_of_interest|establishment,https://www.google.com/maps/place/?q=place_id:ChIJbWXeJn7Fw0cRXaMfRNavdLo,producteur légumes bio
Organic Food,"Rue des Champs 4, 1040 Etterbeek, Belgium",Etterbeek,1040,5,1,point_of_interest|establishment,https://www.google.com/maps/place/?q=place_id:ChIJfWKHhLnEw0cRw9iQX2wCGRc,producteur légumes bio
Chez Thierry,"Av. des Volontaires 132, 1040 Etterbeek, Belgium",Etterbeek,1040,4.7,45,food|point_of_interest|store|establishment,https://www.google.com/maps/place/?q=place_id:ChIJLWhCEkvbw0cRLHD87qnRyu8,élevage vente viande vache
la vanne du miel,"Rue de la Vanne 41, 1000 Bruxelles, Belgium",Bruxelles,1000,0,0,point_of_interest|store|establishment,https://www.google.com/maps/place/?q=place_id:ChIJl_GWys3Fw0cRV2lbCP6_quo,ferme apiculteur
"Apiculteur, Philippe COUGNET (Miel)","Av. de la Croix du S 33, 1410 Waterloo, Belgium",Waterloo,1410,0,0,point_of_interest|establishment,https://www.google.com/maps/place/?q=place_id:ChIJb6IqGMbRw0cRJvzVzEiivZE,ferme apiculteur
Bio Company,"Av. Cicéron 31, 1140 Evere, Belgium",Evere,1140,4.3,86,point_of_interest|store|establishment,https://www.google.com/maps/place/?q=place_id:ChIJ2ePgfbbcw0cRNV1DpUM0DAE,producteur bio
Le Fraysse - épicerie responsable,"Chau. de Louvain 896, 1140 Evere, Belgium",Evere,1140,4.7,67,grocery_or_supermarket|point_of_interest|food|store|establishment,https://www.google.com/maps/place/?q=place_id:ChIJbxMP_bLcw0cRjZfUnxxrcM0,producteur bio
Bab'l Market,"Stuyvenberg 67, 1150 Woluwe-Saint-Pierre, Belgium",Woluwe-Saint-Pierre,1150,4.7,37,supermarket|grocery_or_supermarket|point_of_interest|food|store|establishment,https://www.google.com/maps/place/?q=place_id:ChIJuaTGGXDbw0cRUhTNZxoQiGU,producteur local
De Bijenkorf Evere,"Av. Platon 21, 1140 Evere, Belgium",Evere,1140,4.6,5,point_of_interest|establishment,https://www.google.com/maps/place/?q=place_id:ChIJUy-zqg7dw0cRD_STTOOorj8,producteur local
Wriemeling,"Drogenbosstraat 6, 3020 Herent, Belgium",Herent,3020,4.4,16,point_of_interest|establishment,https://www.google.com/maps/place/?q=place_id:ChIJ6zPpHgLgw0cRmk2wMtuI7fA,ferme bio
Bioberg,"Boeyendaalstraat 27, 3078 Kortenberg, Belgium",Kortenberg,3078,0,0,point_of_interest|establishment,https://www.google.com/maps/place/?q=place_id:ChIJ8Y-6VLffw0cR4Oikqe75uiE,ferme bio
Kinderboerderij van Jette,"Pt Rue Sainte-Anne 172, 1090 Jette, Belgium",Jette,1090,4.3,158,point_of_interest|establishment,https://www.google.com/maps/place/?q=place_id:ChIJ0WWbkXzBw0cRl64q73YCVk0,ferme bio
Vlinderveld,"Grote Molenweg, 1980 Zemst, Belgium",Zemst,1980,4.9,13,grocery_or_supermarket|food|point_of_interest|store|establishment,https://www.google.com/maps/place/?q=place_id:ChIJ725NCxbmw0cRKdqpXDl9fvw,ferme bio
Hulotte Farm,"Chau. de Bruxelles 400, 1300 Wavre, Belgium",Wavre,1300,4.7,240,point_of_interest|establishment,https://www.google.com/maps/place/?q=place_id:ChIJu8MAw-nXw0cRSOqK96A5cNg,ferme bio
Ferme et Compagnie asbl,"Rue du Grand Royal 2, 1390 Grez-Doiceau, Belgium",Grez-Doiceau,1390,4.4,239,zoo|point_of_interest|establishment,https://www.google.com/maps/place/?q=place_id:ChIJmeE3uaFkwUcRksidnfrM8vk,ferme bio
oh nènè,"Clos des Briquetiers 3, 1140 Evere, Belgium",Evere,1140,0,0,food|point_of_interest|store|establishment,https://www.google.com/maps/place/?q=place_id:ChIJCSYhfeNm6EwRDCbCTnw0cX4,ferme bio
Ferme Pussemier,"Rue du Bois Planté 1, 1421 Braine-l'Alleud, Belgium",Braine-l'Alleud,1421,4.7,159,point_of_interest|store|establishment,https://www.google.com/maps/place/?q=place_id:ChIJywNUJlXMw0cRdSo147xq1Ik,ferme bio
"Hoevewinkel en Kijk-doe-speelboerderij, 't Silsomhof","Olmenhoekstraat 49, 3071 Kortenberg, Belgium",Kortenberg,3071,4.8,70,point_of_interest|food|store|establishment,https://www.google.com/maps/place/?q=place_id:ChIJDcU0jsPfw0cRaf7OvVUHCHo,ferme bio
Ferme Gala,"Rle Mambour 1, 1473 Genappe, Belgium",Genappe,1473,5,3,point_of_interest|establishment,https://www.google.com/maps/place/?q=place_id:ChIJO3SuSEnTw0cRLrDpF6li4Ko,ferme bio
de Plukheyde veld,"Kampenhoutsebaan, 1910 Kampenhout, Belgium",Kampenhout,1910,4.5,12,point_of_interest|establishment,https://www.google.com/maps/place/?q=place_id:ChIJy1suK9Lgw0cRDcTbL8pS8Wg,ferme bio
Ferme de Woo,"Rue de Genval 2, 1331 Rixensart, Belgium",Rixensart,1331,4.6,5,point_of_interest|establishment,https://www.google.com/maps/place/?q=place_id:ChIJud3DoyXXw0cRPr9h69x6CHM,ferme bio
La Ferme du Saule Penché,"Rue de Velupont 10, 4260 Braives, Belgium",Braives,4260,4.8,14,grocery_or_supermarket|point_of_interest|food|store|establishment,https://www.google.com/maps/place/?q=place_id:ChIJ85yDC9AJwUcRcdQz-jMFRns,ferme bio
Les Potagers de la Grange,"Chem. du Dieu Amant 1, 1325 Chaumont-Gistoux, Belgium",Chaumont-Gistoux,1325,0,0,point_of_interest|establishment,https://www.google.com/maps/place/?q=place_id:ChIJC9usdDN7wUcRZT2VWyemT5s,ferme bio
CSA Salie & Apekool,"Houtemsesteenweg, 1800 Vilvoorde, Belgium",Vilvoorde,1800,5,4,point_of_interest|establishment,https://www.google.com/maps/place/?q=place_id:ChIJR9SU5Qfnw0cRWqDXjv8VsCs,ferme bio
Baarbeekhoeve,"Baarbeekstraat 24, 2812 Mechelen, Belgium",Mechelen,2812,4.6,96,grocery_or_supermarket|point_of_interest|food|store|establishment,https://www.google.com/maps/place/?q=place_id:ChIJkXjM9qjmw0cRYjROYapFFGc,ferme bio
La Fermette asbl,"Rue de la Marne 3, 1140 Evere, Belgium",Evere,1140,4.3,63,point_of_interest|establishment,https://www.google.com/maps/place/?q=place_id:ChIJU1lMJTvDw0cRIkf20l5jMMY,vente directe à la ferme
La Maraîchère,"Chau. de Haecht 980, 1140 Evere, Belgium",Evere,1140,0,0,point_of_interest|establishment,https://www.google.com/maps/place/?q=place_id:ChIJDT8pHzrDw0cRU4KKPSfHAi8,vente directe à la ferme
Evere Badminton Club Asbl,"Rue du Doolegt 6, 1140 Evere, Belgium",Evere,1140,4.6,36,point_of_interest|establishment,https://www.google.com/maps/place/?q=place_id:ChIJUcLccUfDw0cRkuFdLjmPWR8,circuit court
Complexe Sportif d'Evere,"Av. des Anciens Combattants 300, 1140 Evere, Belgium",Evere,1140,4.1,257,point_of_interest|establishment,https://www.google.com/maps/place/?q=place_id:ChIJ874htDXDw0cRbzj7HuAE0sY,circuit court
Maison communale Evere,"Sq. Servaes Hoedemaekers 10, 1140 Evere, Belgium",Evere,1140,3.2,330,city_hall|point_of_interest|local_government_office|establishment,https://www.google.com/maps/place/?q=place_id:ChIJd5EuKjHDw0cRq15hN9edFXA,circuit court
Evere White Star Padel Club,"Av. des Anciens Combattants 350, 1140 Evere, Belgium",Evere,1140,4,102,point_of_interest|establishment,https://www.google.com/maps/place/?q=place_id:ChIJv_lZz0vDw0cRBKLcFpt1JIg,circuit court
Basketball court Evere,"Av. des Anciens Combattants 300, 1140 Evere, Belgium",Evere,1140,4,3,point_of_interest|establishment,https://www.google.com/maps/place/?q=place_id:ChIJ-YJ0XujDw0cRfDoKCH0otzg,circuit court
Salle Omnisport François Guillaume,"Av. des Anciens Combattants 300, 1140 Evere, Belgium",Evere,1140,3.6,11,point_of_interest|establishment,https://www.google.com/maps/place/?q=place_id:ChIJY1o_KzTDw0cRvdYPxuLsEB4,circuit court
Smash Evere,"Complexe sportif d'Evere, Av. des Anciens Combattants, 1140 Evere, Belgium",Evere,1140,4.5,2,point_of_interest|establishment,https://www.google.com/maps/place/?q=place_id:ChIJid62ZffDw0cRw7VndpYzHsU,circuit court
Evere White Star Tennis Club,"Avenue des Anc. Combattants 350, 1140 Evere, Belgium",Evere,1140,4.3,286,point_of_interest|establishment,https://www.google.com/maps/place/?q=place_id:ChIJKQ2y8zXDw0cRQbj5vu6hJfk,circuit court
Royal Evere White Star Hockey Club,"Av. des Anciens Combattants 350, 1140 Evere, Belgium",Evere,1140,4.4,197,point_of_interest|establishment,https://www.google.com/maps/place/?q=place_id:ChIJ4cDvHDXDw0cR7Fd7cKvzCWc,circuit court
Quartier Reine Élisabeth,"Rue d'Evere 1, 1140 Evere, Belgium",Evere,1140,3.7,18,point_of_interest|establishment,https://www.google.com/maps/place/?q=place_id:ChIJX_VIAc3cw0cRRdI1vVSFOn0,circuit court
Courtyard Brussels,"Av. des Olympiades 6, 1140 Brussels, Belgium",Brussels,1140,4.3,1386,lodging|point_of_interest|establishment,https://www.google.com/maps/place/?q=place_id:ChIJ9S2ShDbDw0cRlgn6i4vbN6w,circuit court
OCMW van Evere,"Sq. Servaes Hoedemaekers 11, 1140 Evere, Belgium",Evere,1140,3.1,92,point_of_interest|establishment,https://www.google.com/maps/place/?q=place_id:ChIJZ421KDHDw0cR0e7tTbkLUig,circuit court
Ministry of Defense,"Blok 4, Eversestraat 1, 1140 Brussel, Belgium",Brussel,1140,3.9,9,point_of_interest|establishment,https://www.google.com/maps/place/?q=place_id:ChIJQQ9gSsncw0cR3eVEdUaeqHc,circuit court
Piscine Triton,"Av. des Anciens Combattants 260, 1140 Evere, Belgium",Evere,1140,4.1,1006,point_of_interest|establishment,https://www.google.com/maps/place/?q=place_id:ChIJ7aty8zXDw0cRf5rsfchwJG0,circuit court
Tennis Club Set Wahis,"Bd Général Wahis 16/B, 1030 Schaerbeek, Belgium",Schaerbeek,1030,4.3,134,point_of_interest|establishment,https://www.google.com/maps/place/?q=place_id:ChIJVdrXR0TDw0cR2pHi9YuXE3w,circuit court
BUC Rugby,"Av. des Communautés 6, 1140 Evere, Belgium",Evere,1140,4.5,129,point_of_interest|establishment,https://www.google.com/maps/place/?q=place_id:ChIJVQO2lrDcw0cRB1iGw6zx4vc,circuit court
Public running track,"Av. de la Renaissance 32/33, 1000 Bruxelles, Belgium",Bruxelles,1000,4.3,219,point_of_interest|establishment,https://www.google.com/maps/place/?q=place_id:ChIJxVdVi6bEw0cRJrSHA1qp8rU,circuit court
Bio Vrac - Schaerbeek / Schaarbeek,"Rue Georges Raeymaekers 51, 1030 Schaerbeek, Belgium",Schaerbeek,1030,4.7,81,supermarket|grocery_or_supermarket|point_of_interest|food|store|establishment,https://www.google.com/maps/place/?q=place_id:ChIJ_Tpk8nLDw0cRCmonZwwofyg,producteur légumes bio
Agricovert Gembloux,"Chaussee de Wavre 37, 5030 Gembloux, Belgium",Gembloux,5030,4.6,200,point_of_interest|store|establishment,https://www.google.com/maps/place/?q=place_id:ChIJeZdXAm2CwUcRLhNwi9U-1bk,producteur légumes bio
Boucherie Paduwa BenLefkih,"Chau. de Louvain 801, 1140 Evere, Belgium",Evere,1140,4.3,174,store|food|point_of_interest|establishment,https://www.google.com/maps/place/?q=place_id:ChIJP9eHqbPcw0cR8Llwej60EjA,élevage vente viande vache
Hesapli kaSaP Schaerbeek ( Helal & Halal ) La Boucherie Schaerbeek,"Rue Richard Vandevelde 125, 1030 Schaerbeek, Belgium",Schaerbeek,1030,4.4,59,store|food|point_of_interest|establishment,https://www.google.com/maps/place/?q=place_id:ChIJ2xKonpzDw0cRx9tIP_2Qfi8,élevage vente viande vache
La ferme du Haya,"Rue Haya 4, 4560 Clavier, Belgium",Clavier,4560,5,23,food|point_of_interest|store|establishment,https://www.google.com/maps/place/?q=place_id:ChIJA-3g-WRTwEcRPS2N7hfZSyE,élevage vente viande vache
Ferme Louvigny,"Rte de la Tour 40, 6800 Libramont-Chevigny, Belgium",Libramont-Chevigny,6800,4.4,40,point_of_interest|establishment,https://www.google.com/maps/place/?q=place_id:ChIJGYZWtpknwEcRvy6K4uE0Y0g,élevage vente viande vache
Boucherie Paduwa Halal Fermé Mardi,"1140 Evere, Belgium",,,0,0,food|point_of_interest|store|establishment,https://www.google.com/maps/place/?q=place_id:ChIJL-NaprPcw0cR1YfyfxJWgss,élevage vente viande vache
